player_id,position,player_name,team,season,week,rookie,home,qb_id,touchdown,against,wp,report_status,yards_gained,rolling_yapg,rolling_rushing_yards,rolling_receiving_yards,rolling_rushing_touchdowns,rolling_receiving_touchdowns,player_id_drop,passing_tds,passing_yards,qb_rolling_passing_tds,qb_rolling_passing_yards,prev_rushing_yards,prev_receiving_yards,prev_rushing_touchdowns,prev_receiving_touchdowns,prev_red_zone,rolling_red_zone,played
00-0023459,QB,Aaron Rodgers,NYJ,2024,13,0,1,00-0023459,0,SEA,0.4672897196261682,Healthy,,298.0,1.5,0.0,0.0,0.0,,,,0.0,0.0,50.0,0.0,0.0,0.0,0.6071,0.375,
00-0024243,TE,Marcedes Lewis,CHI,2024,13,0,0,00-0039918,0,DET,0.18518518518518523,Healthy,,268.0,,,,,,,,2.0,340.0,0.0,2.0,0.0,0.0,0.6563,0.2857,
00-0026158,QB,Joe Flacco,IND,2024,13,0,0,00-0026158,0,NE,0.5454545454545454,Healthy,,373.0,-0.5,0.0,0.0,0.0,,,,0.0,0.0,25.0,0.0,0.0,0.0,0.46149999999999997,0.6667000000000001,
00-0026300,QB,Josh Johnson,BAL,2024,13,0,1,00-0034796,0,PHI,0.6078431372549019,Healthy,,290.0,2.0,0.0,0.0,0.0,,,,0.0,0.0,2.0,0.0,0.0,0.0,0.65,0.5,
00-0026498,QB,Matthew Stafford,LA,2024,13,0,0,00-0026498,0,NO,0.5535714285714286,Healthy,,445.0,3.75,0.0,0.0,0.0,,,,0.0,0.0,8.0,0.0,0.0,0.0,0.5106,0.5714,
00-0027973,QB,Andy Dalton,CAR,2024,13,0,1,00-0027973,0,TB,0.3333333333333333,Healthy,,245.0,,,,,,,,0.0,0.0,34.0,0.0,0.0,0.0,0.45,0.6,
00-0028118,QB,Tyrod Taylor,NYJ,2024,13,0,1,00-0023459,0,SEA,0.4672897196261682,Healthy,,298.0,,,,,,,,0.0,0.0,7.0,0.0,0.0,0.0,0.6071,0.375,
00-0029263,QB,Russell Wilson,PIT,2024,13,0,0,00-0029263,0,CIN,0.38167938931297707,Healthy,,435.0,5.25,0.0,0.0,0.0,,,,0.0,0.0,24.0,0.0,1.0,0.0,0.5167,0.8571,
00-0029604,QB,Kirk Cousins,ATL,2024,13,0,1,00-0029604,0,LAC,0.4878048780487805,Healthy,,389.0,1.25,0.0,0.0,0.0,,,,0.0,0.0,-3.0,0.0,0.0,0.0,0.5294,0.5556,
00-0029892,RB,Kyle Juszczyk,SF,2024,13,0,0,00-0037834,0,BUF,0.24390243902439024,Healthy,,259.0,0.3333333333333333,10.666666666666666,0.0,0.0,,,,1.0,159.0,21.0,119.0,1.0,0.0,0.5536,0.7273000000000001,
00-0030035,WR,Adam Thielen,CAR,2024,13,0,1,00-0027973,0,TB,0.3333333333333333,Healthy,,245.0,0.0,57.0,0.0,0.0,,,,,,0.0,166.0,0.0,1.0,0.45,0.6,
00-0030061,TE,Zach Ertz,WAS,2024,13,0,1,00-0032268,0,TEN,0.7101449275362319,Healthy,,260.0,0.0,30.25,0.0,0.5,,,,,,0.0,466.0,0.0,3.0,0.377,0.6364,
00-0030279,WR,Keenan Allen,CHI,2024,13,0,0,00-0039918,0,DET,0.18518518518518523,Healthy,,268.0,0.0,51.75,0.0,0.25,,,,2.0,340.0,0.0,368.0,0.0,3.0,0.6563,0.2857,
00-0030431,WR,Robert Woods,HOU,2024,13,0,0,00-0039163,0,JAX,0.6062992125984252,Healthy,,645.0,0.0,16.5,0.0,0.0,,,,2.0,247.0,0.0,112.0,0.0,0.0,0.5577000000000001,0.5714,
00-0030506,TE,Travis Kelce,KC,2024,13,0,1,00-0033873,0,LV,0.875,Healthy,,325.0,0.0,58.5,0.0,0.25,,,,3.0,269.0,1.0,569.0,0.0,2.0,0.625,0.6923,
00-0030564,WR,DeAndre Hopkins,KC,2024,13,0,1,00-0033873,0,LV,0.875,Healthy,,325.0,0.0,51.5,0.0,0.75,,,,3.0,269.0,0.0,408.0,0.0,4.0,0.625,0.6923,
00-0030565,QB,Geno Smith,SEA,2024,13,0,0,00-0030565,0,NYJ,0.5327102803738317,Healthy,,332.0,15.75,0.0,0.25,0.0,,,,0.0,0.0,224.0,0.0,2.0,0.0,0.48979999999999996,0.6154,
00-0030578,RB,Cordarrelle Patterson,PIT,2024,13,0,0,00-0029263,0,CIN,0.38167938931297707,Healthy,,435.0,4.0,0.0,0.0,0.0,,,,1.0,270.0,104.0,34.0,0.0,0.0,0.5167,0.8571,
00-0031235,WR,Odell Beckham Jr.,MIA,2024,13,0,0,00-0036212,0,GB,0.37037037037037035,Healthy,,241.0,0.0,11.25,0.0,0.0,,,,4.0,317.0,0.0,45.0,0.0,0.0,0.5397,0.5714,
00-0031280,QB,Derek Carr,NO,2024,13,0,1,00-0031280,0,LA,0.44642857142857145,Healthy,,481.0,8.333333333333334,0.0,0.0,0.0,,,,0.0,0.0,47.0,0.0,1.0,0.0,0.5686,0.46149999999999997,
00-0031345,QB,Jimmy Garoppolo,LA,2024,13,0,0,00-0026498,0,NO,0.5535714285714286,Healthy,,445.0,,,,,,,,0.0,0.0,,,,,0.5106,0.5714,
00-0031381,WR,Davante Adams,NYJ,2024,13,0,1,00-0023459,0,SEA,0.4672897196261682,Healthy,,298.0,0.0,62.0,0.0,0.25,,,,2.0,184.0,0.0,487.0,0.0,2.0,0.6071,0.375,
00-0031408,WR,Mike Evans,TB,2024,13,0,0,00-0034855,0,CAR,0.6666666666666667,Healthy,,391.0,0.0,68.0,0.0,0.0,,,,0.0,294.0,0.0,403.0,0.0,6.0,0.6315999999999999,0.4167,
00-0031428,WR,Allen Robinson,DET,2024,13,0,1,00-0033106,0,CHI,0.8148148148148148,Healthy,,452.0,0.0,4.5,0.0,0.0,,,,0.0,269.0,0.0,9.0,0.0,0.0,0.6889,0.4118,
00-0031484,TE,Chris Manhertz,NYG,2024,13,0,0,00-0038476,0,DAL,0.37037037037037035,Healthy,,414.0,0.0,1.0,0.0,0.5,,,,0.0,189.0,0.0,2.0,0.0,1.0,0.5962,0.7273000000000001,
00-0031503,QB,Jameis Winston,CLE,2024,13,0,0,00-0031503,0,DEN,0.303030303030303,Healthy,,369.0,11.0,0.0,0.25,0.0,,,,0.0,0.0,46.0,0.0,1.0,0.0,0.5763,0.2,
00-0031544,WR,Amari Cooper,BUF,2024,13,0,1,00-0034857,0,SF,0.7560975609756098,Healthy,,325.0,0.0,29.0,0.0,0.0,,,,1.0,262.0,0.0,374.0,0.0,3.0,0.5254,0.8181999999999999,
00-0031549,WR,Nelson Agholor,BAL,2024,13,0,1,00-0034796,0,PHI,0.6078431372549019,Healthy,,290.0,0.0,11.666666666666666,0.0,0.3333333333333333,,,,2.0,177.0,0.0,205.0,0.0,2.0,0.65,0.5,
00-0031585,TE,MyCole Pruitt,PIT,2024,13,0,0,00-0029263,0,CIN,0.38167938931297707,Healthy,,435.0,0.0,5.0,0.0,0.0,,,,1.0,270.0,0.0,19.0,0.0,0.0,0.5167,0.8571,
00-0031595,RB,Michael Burton,DEN,2024,13,0,1,00-0039732,0,CLE,0.696969696969697,Healthy,,368.0,1.3333333333333333,2.0,0.0,0.0,,,,2.0,273.0,4.0,46.0,0.0,0.0,0.7111,0.75,
00-0031687,RB,Raheem Mostert,MIA,2024,13,0,0,00-0036212,0,GB,0.37037037037037035,Healthy,,241.0,14.75,15.75,0.0,0.0,,,,4.0,317.0,217.0,102.0,2.0,0.0,0.5397,0.5714,
00-0031763,WR,DeAndre Carter,CHI,2024,13,0,0,00-0039918,0,DET,0.18518518518518523,Healthy,,268.0,0.0,5.0,0.0,0.0,,,,2.0,340.0,0.0,72.0,0.0,0.0,0.6563,0.2857,
00-0031800,QB,Taylor Heinicke,LAC,2024,13,0,0,00-0036355,0,ATL,0.5121951219512195,Healthy,,400.0,,,,,,,,0.0,0.0,0.0,0.0,0.0,0.0,0.45280000000000004,0.7,
00-0032104,RB,Ameer Abdullah,LV,2024,13,0,0,00-0035289,0,KC,0.125,Healthy,,336.0,10.75,19.0,0.0,0.5,,,,1.0,230.0,110.0,113.0,1.0,2.0,0.5088,0.5,
00-0032128,WR,Chris Conley,SF,2024,13,0,0,00-0037834,0,BUF,0.24390243902439024,Healthy,,259.0,0.0,0.0,0.0,0.0,,,,1.0,159.0,0.0,4.0,0.0,0.0,0.5536,0.7273000000000001,
00-0032141,TE,Geoff Swaim,CLE,2024,13,0,0,00-0031503,0,DEN,0.303030303030303,Healthy,,369.0,0.0,7.0,0.0,0.0,,,,0.0,219.0,0.0,7.0,0.0,0.0,0.5763,0.2,
00-0032211,WR,Tyler Lockett,SEA,2024,13,0,0,00-0030565,0,NYJ,0.5327102803738317,Healthy,,332.0,0.0,27.75,0.0,0.25,,,,1.0,254.0,0.0,495.0,0.0,2.0,0.48979999999999996,0.6154,
00-0032268,QB,Marcus Mariota,WAS,2024,13,0,1,00-0032268,0,TEN,0.7101449275362319,Healthy,,260.0,,,,,,,,0.0,0.0,36.0,0.0,0.0,0.0,0.377,0.6364,
00-0032385,WR,Sterling Shepard,TB,2024,13,0,0,00-0034855,0,CAR,0.6666666666666667,Healthy,,391.0,6.0,22.25,0.0,0.0,,,,0.0,294.0,55.0,182.0,0.0,1.0,0.6315999999999999,0.4167,
00-0032392,TE,Austin Hooper,NE,2024,13,0,1,00-0039851,0,IND,0.45454545454545453,Healthy,,390.0,0.0,41.5,0.0,0.25,,,,1.0,222.0,0.0,295.0,0.0,2.0,0.5577000000000001,0.6364,
00-0032394,TE,Nick Vannett,TEN,2024,13,0,0,00-0034771,0,WAS,0.28985507246376807,Healthy,,332.0,0.0,13.0,0.0,0.3333333333333333,,,,,,0.0,84.0,0.0,2.0,0.5667,0.6,
00-0032434,QB,Brandon Allen,SF,2024,13,0,0,00-0037834,0,BUF,0.24390243902439024,Healthy,,259.0,5.0,0.0,0.0,0.0,,,,0.0,0.0,4.0,0.0,0.0,0.0,0.5536,0.7273000000000001,
00-0032436,QB,Jeff Driskel,WAS,2024,13,0,1,00-0032268,0,TEN,0.7101449275362319,Healthy,,260.0,,,,,,,,0.0,0.0,,,,,0.377,0.6364,
00-0032464,WR,Kalif Raymond,DET,2024,13,0,1,00-0033106,0,CHI,0.8148148148148148,Minor,,452.0,-4.0,14.0,0.0,0.0,,,,0.0,269.0,0.0,204.0,0.0,2.0,0.6889,0.4118,
00-0032764,RB,Derrick Henry,BAL,2024,13,0,1,00-0034796,0,PHI,0.6078431372549019,Healthy,,290.0,94.75,7.5,1.0,0.0,,,,2.0,177.0,1325.0,96.0,13.0,2.0,0.65,0.5,
00-0032775,WR,Demarcus Robinson,LA,2024,13,0,0,00-0026498,0,NO,0.5535714285714286,Healthy,,445.0,0.0,37.75,0.0,0.75,,,,2.0,243.0,0.0,384.0,0.0,6.0,0.5106,0.5714,
00-0032918,RB,C.J. Ham,MIN,2024,13,0,1,00-0034869,0,ARI,0.6428571428571429,Healthy,,285.0,0.0,0.0,0.0,0.0,,,,2.0,330.0,10.0,11.0,1.0,0.0,0.6056,0.16670000000000001,
00-0032950,QB,Carson Wentz,KC,2024,13,0,1,00-0033873,0,LV,0.875,Healthy,,325.0,,,,,,,,0.0,0.0,,,,,0.625,0.6923,
00-0033009,WR,Tyler Boyd,TEN,2024,13,0,0,00-0034771,0,WAS,0.28985507246376807,Healthy,,332.0,1.0,29.666666666666668,0.0,0.0,,,,,,3.0,273.0,0.0,0.0,0.5667,0.6,
00-0033040,WR,Tyreek Hill,MIA,2024,13,0,0,00-0036212,0,GB,0.37037037037037035,Minor,,241.0,2.75,51.25,0.0,0.5,,,,4.0,317.0,47.0,571.0,0.0,3.0,0.5397,0.5714,
00-0033045,RB,Ezekiel Elliott,DAL,2024,13,0,1,00-0033662,0,NYG,0.6296296296296297,Healthy,,450.0,12.0,5.333333333333333,0.0,0.0,,,,2.0,247.0,185.0,56.0,2.0,0.0,0.6102000000000001,0.6429,
00-0033090,TE,Hunter Henry,NE,2024,13,0,1,00-0039851,0,IND,0.45454545454545453,Healthy,,390.0,0.0,44.25,0.0,0.0,,,,1.0,222.0,0.0,535.0,0.0,1.0,0.5577000000000001,0.6364,
00-0033106,QB,Jared Goff,DET,2024,13,0,1,00-0033106,0,CHI,0.8148148148148148,Healthy,,452.0,5.25,0.0,0.0,0.0,,,,0.0,0.0,39.0,7.0,0.0,1.0,0.6889,0.4118,
00-0033119,QB,Jacoby Brissett,NE,2024,13,0,1,00-0039851,0,IND,0.45454545454545453,Healthy,,390.0,,,,,,,,0.0,0.0,62.0,0.0,0.0,0.0,0.5577000000000001,0.6364,
00-0033217,TE,Mo Alie-Cox,IND,2024,13,0,0,00-0026158,0,NE,0.5454545454545454,Healthy,,373.0,0.0,17.0,0.0,0.0,,,,,,0.0,117.0,0.0,1.0,0.46149999999999997,0.6667000000000001,
00-0033246,TE,Johnny Mundt,MIN,2024,13,0,1,00-0034869,0,ARI,0.6428571428571429,Healthy,,285.0,0.0,6.666666666666667,0.0,0.0,,,,2.0,330.0,0.0,113.0,0.0,1.0,0.6056,0.16670000000000001,
00-0033251,WR,Zach Pascal,ARI,2024,13,0,0,00-0035228,0,MIN,0.3571428571428571,Healthy,,400.0,,,,,,,,0.0,285.0,,,,,0.54,0.8,
00-0033280,RB,Christian McCaffrey,SF,2024,13,0,0,00-0037834,0,BUF,0.24390243902439024,Healthy,,259.0,49.666666666666664,44.0,0.0,0.0,,,,1.0,159.0,149.0,132.0,0.0,0.0,0.5536,0.7273000000000001,
00-0033282,WR,Curtis Samuel,BUF,2024,13,0,1,00-0034857,0,SF,0.7560975609756098,Healthy,,325.0,0.0,31.0,0.0,0.3333333333333333,,,,1.0,262.0,6.0,185.0,0.0,1.0,0.5254,0.8181999999999999,
00-0033288,TE,George Kittle,SF,2024,13,0,0,00-0037834,0,BUF,0.24390243902439024,Healthy,,,0.0,89.0,0.0,1.0,,,,,,0.0,642.0,0.0,8.0,0.5536,0.7273000000000001,
00-0033293,RB,Aaron Jones,MIN,2024,13,0,1,00-0034869,0,ARI,0.6428571428571429,Healthy,,285.0,74.25,14.5,0.25,0.0,,,,2.0,330.0,798.0,285.0,3.0,1.0,0.6056,0.16670000000000001,
00-0033307,WR,Kendrick Bourne,NE,2024,13,0,1,00-0039851,0,IND,0.45454545454545453,Healthy,,390.0,0.0,47.0,0.0,0.3333333333333333,,,,1.0,222.0,0.0,170.0,0.0,1.0,0.5577000000000001,0.6364,
00-0033319,QB,Nick Mullens,MIN,2024,13,0,1,00-0034869,0,ARI,0.6428571428571429,Healthy,,285.0,0.0,0.0,0.0,0.0,,,,0.0,0.0,0.0,0.0,0.0,0.0,0.6056,0.16670000000000001,
00-0033357,TE,Taysom Hill,NO,2024,13,0,1,00-0031280,0,LA,0.44642857142857145,Healthy,,481.0,47.75,37.0,1.0,0.0,,,,2.0,248.0,268.0,150.0,6.0,0.0,0.5686,0.46149999999999997,
00-0033375,WR,Tim Patrick,DET,2024,13,0,1,00-0033106,0,CHI,0.8148148148148148,Healthy,,452.0,0.0,31.0,0.0,0.0,,,,0.0,269.0,0.0,258.0,0.0,0.0,0.6889,0.4118,
00-0033376,RB,Patrick Ricard,BAL,2024,13,0,1,00-0034796,0,PHI,0.6078431372549019,Healthy,,290.0,0.0,4.0,0.0,0.5,,,,2.0,177.0,0.0,8.0,0.0,1.0,0.65,0.5,
00-0033439,TE,Pharaoh Brown,SEA,2024,13,0,0,00-0030565,0,NYJ,0.5327102803738317,Healthy,,332.0,0.0,19.0,0.0,0.0,,,,1.0,254.0,0.0,38.0,0.0,0.0,0.48979999999999996,0.6154,
00-0033526,RB,Samaje Perine,KC,2024,13,0,1,00-0033873,0,LV,0.875,Healthy,,325.0,5.75,20.25,0.0,0.25,,,,3.0,269.0,68.0,185.0,1.0,1.0,0.625,0.6923,
00-0033536,WR,Mike Williams,PIT,2024,13,0,0,00-0029263,0,CIN,0.38167938931297707,Healthy,,435.0,0.0,32.0,0.0,1.0,,,,1.0,270.0,0.0,198.0,0.0,1.0,0.5167,0.8571,
00-0033553,RB,James Conner,ARI,2024,13,0,0,00-0035228,0,MIN,0.3571428571428571,Healthy,,400.0,50.25,37.25,0.5,0.0,,,,0.0,285.0,705.0,288.0,5.0,0.0,0.54,0.8,
00-0033555,WR,Mack Hollins,BUF,2024,13,0,1,00-0034857,0,SF,0.7560975609756098,Healthy,,325.0,0.0,47.666666666666664,0.0,0.3333333333333333,,,,1.0,262.0,0.0,224.0,0.0,3.0,0.5254,0.8181999999999999,
00-0033576,TE,Eric Saubert,SF,2024,13,0,0,00-0037834,0,BUF,0.24390243902439024,Healthy,,,0.0,3.5,0.0,0.0,,,,,,0.0,74.0,0.0,0.0,0.5536,0.7273000000000001,
00-0033589,WR,David Moore,CAR,2024,13,0,1,00-0027973,0,TB,0.3333333333333333,Healthy,,245.0,0.0,39.5,0.0,0.25,,,,,,0.0,202.0,0.0,1.0,0.45,0.6,
00-0033591,WR,Noah Brown,WAS,2024,13,0,1,00-0032268,0,TEN,0.7101449275362319,Healthy,,260.0,0.0,42.0,0.0,0.0,,,,,,0.0,426.0,0.0,1.0,0.377,0.6364,
00-0033662,QB,Cooper Rush,DAL,2024,13,0,1,00-0033662,0,NYG,0.6296296296296297,Minor,,450.0,2.25,0.0,0.0,0.0,,,,0.0,0.0,10.0,0.0,0.0,0.0,0.6102000000000001,0.6429,
00-0033699,RB,Austin Ekeler,WAS,2024,13,0,1,00-0032268,0,TEN,0.7101449275362319,Healthy,,,28.75,34.75,0.75,0.0,,,,,,355.0,346.0,4.0,0.0,0.377,0.6364,
00-0033854,RB,Dare Ogunbowale,HOU,2024,13,0,0,00-0039163,0,JAX,0.6062992125984252,Healthy,,645.0,3.3333333333333335,3.6666666666666665,0.0,0.0,,,,2.0,247.0,68.0,166.0,0.0,1.0,0.5577000000000001,0.5714,
00-0033857,WR,JuJu Smith-Schuster,KC,2024,13,0,1,00-0033873,0,LV,0.875,Minor,,,0.0,7.0,0.0,0.0,,,,,,0.0,161.0,0.0,1.0,0.625,0.6923,
00-0033858,TE,Jonnu Smith,MIA,2024,13,0,0,00-0036212,0,GB,0.37037037037037035,Healthy,,241.0,0.0,69.75,0.0,0.75,,,,4.0,317.0,-1.0,535.0,0.0,4.0,0.5397,0.5714,
00-0033869,QB,Mitchell Trubisky,BUF,2024,13,0,1,00-0034857,0,SF,0.7560975609756098,Healthy,,325.0,-2.0,0.0,0.0,0.0,,,,0.0,0.0,-7.0,0.0,0.0,0.0,0.5254,0.8181999999999999,
00-0033873,QB,Patrick Mahomes,KC,2024,13,0,1,00-0033873,0,LV,0.875,Healthy,,,22.0,0.0,0.0,0.0,,,,0.0,0.0,227.0,2.0,1.0,0.0,0.625,0.6923,
00-0033881,TE,Evan Engram,JAX,2024,13,0,1,00-0036972,0,HOU,0.3937007874015748,Healthy,,369.0,0.0,37.25,0.0,0.25,,,,0.0,138.0,0.0,291.0,0.0,1.0,0.5574,0.6,
00-0033885,TE,David Njoku,CLE,2024,13,0,0,00-0031503,0,DEN,0.303030303030303,Healthy,,369.0,0.0,45.0,0.0,0.25,,,,0.0,219.0,0.0,345.0,0.0,2.0,0.5763,0.2,
00-0033891,WR,Zay Jones,ARI,2024,13,0,0,00-0035228,0,MIN,0.3571428571428571,Healthy,,400.0,0.0,3.0,0.0,0.0,,,,0.0,285.0,0.0,3.0,0.0,0.0,0.54,0.8,
00-0033895,TE,Gerald Everett,CHI,2024,13,0,0,00-0039918,0,DET,0.18518518518518523,Healthy,,268.0,0.0,5.0,0.0,0.0,,,,2.0,340.0,0.0,30.0,0.0,0.0,0.6563,0.2857,
00-0033897,RB,Joe Mixon,HOU,2024,13,0,0,00-0039163,0,JAX,0.6062992125984252,Healthy,,645.0,70.75,27.75,1.25,0.0,,,,2.0,247.0,786.0,226.0,10.0,1.0,0.5577000000000001,0.5714,
00-0033906,RB,Alvin Kamara,NO,2024,13,0,1,00-0031280,0,LA,0.44642857142857145,Healthy,,481.0,86.0,47.75,0.0,0.0,,,,2.0,248.0,782.0,443.0,6.0,1.0,0.5686,0.46149999999999997,
00-0033908,WR,Cooper Kupp,LA,2024,13,0,0,00-0026498,0,NO,0.5535714285714286,Healthy,,445.0,0.0,87.5,0.0,0.75,,,,2.0,243.0,10.0,548.0,0.0,5.0,0.5106,0.5714,
00-0033923,RB,Kareem Hunt,KC,2024,13,0,1,00-0033873,0,LV,0.875,Minor,,,67.25,23.75,0.25,0.0,,,,,,577.0,135.0,5.0,0.0,0.625,0.6923,
00-0033925,RB,D'Onta Foreman,CLE,2024,13,0,0,00-0031503,0,DEN,0.303030303030303,Healthy,,369.0,26.0,0.0,0.0,0.0,,,,0.0,219.0,155.0,46.0,0.0,0.0,0.5763,0.2,
00-0033936,QB,C.J. Beathard,JAX,2024,13,0,1,00-0036972,0,HOU,0.3937007874015748,Healthy,,369.0,,,,,,,,0.0,0.0,,,,,0.5574,0.6,
00-0033948,RB,Jamaal Williams,NO,2024,13,0,1,00-0031280,0,LA,0.44642857142857145,Healthy,,481.0,4.0,0.0,0.0,0.0,,,,2.0,248.0,124.0,21.0,1.0,0.0,0.5686,0.46149999999999997,
00-0033949,QB,Joshua Dobbs,SF,2024,13,0,0,00-0037834,0,BUF,0.24390243902439024,Healthy,,,,,,,,,,0.0,0.0,,,,,0.5536,0.7273000000000001,
00-0033955,RB,Jeremy McNichols,WAS,2024,13,0,1,00-0032268,0,TEN,0.7101449275362319,Healthy,,,13.5,0.25,0.25,0.0,,,,,,217.0,7.0,4.0,0.0,0.377,0.6364,
00-0034054,WR,River Cracraft,MIA,2024,13,0,0,00-0036212,0,GB,0.37037037037037035,Healthy,,,,,,,,,,,,,,,,0.5397,0.5714,
00-0034073,TE,Ross Dwelley,ATL,2024,13,0,1,00-0029604,0,LAC,0.4878048780487805,Healthy,,389.0,0.0,5.0,0.0,0.0,,,,0.0,173.0,0.0,5.0,0.0,0.0,0.5294,0.5556,
00-0034115,RB,Jeff Wilson,MIA,2024,13,0,0,00-0036212,0,GB,0.37037037037037035,Healthy,,,,,,,,,,,,40.0,12.0,0.0,0.0,0.5397,0.5714,
00-0034159,TE,Will Dissly,LAC,2024,13,0,0,00-0036355,0,ATL,0.5121951219512195,Healthy,,400.0,0.0,41.5,0.0,0.25,,,,0.0,218.0,0.0,399.0,0.0,1.0,0.45280000000000004,0.7,
00-0034177,QB,Tim Boyle,NYG,2024,13,0,0,00-0038476,0,DAL,0.37037037037037035,Healthy,,414.0,,,,,,,,0.0,0.0,10.0,0.0,0.0,0.0,0.5962,0.7273000000000001,
00-0034184,RB,Gus Edwards,LAC,2024,13,0,0,00-0036355,0,ATL,0.5121951219512195,Healthy,,400.0,31.0,0.0,0.3333333333333333,0.0,,,,0.0,218.0,206.0,2.0,1.0,0.0,0.45280000000000004,0.7,
00-0034270,TE,Tyler Conklin,NYJ,2024,13,0,1,00-0023459,0,SEA,0.4672897196261682,Healthy,,298.0,0.0,13.5,0.0,0.25,,,,2.0,184.0,0.0,252.0,0.0,2.0,0.6071,0.375,
00-0034272,WR,Marquez Valdes-Scantling,NO,2024,13,0,1,00-0031280,0,LA,0.44642857142857145,Healthy,,,0.0,67.0,0.0,1.0,,,,,,0.0,227.0,0.0,3.0,0.5686,0.46149999999999997,
00-0034348,WR,Courtland Sutton,DEN,2024,13,0,1,00-0039732,0,CLE,0.696969696969697,Healthy,,368.0,0.0,91.75,0.0,0.75,,,,2.0,273.0,0.0,744.0,0.0,5.0,0.7111,0.75,
00-0034351,TE,Dallas Goedert,PHI,2024,13,0,0,00-0036389,0,BAL,0.3921568627450981,Healthy,,285.0,0.0,35.0,0.0,0.3333333333333333,,,,1.0,179.0,0.0,406.0,0.0,1.0,0.42310000000000003,0.5556,
00-0034364,TE,Jordan Akins,CLE,2024,13,0,0,00-0031503,0,DEN,0.303030303030303,Healthy,,,0.0,22.25,0.0,0.0,,,,,,0.0,229.0,0.0,1.0,0.5763,0.2,
00-0034383,TE,Dalton Schultz,HOU,2024,13,0,0,00-0039163,0,JAX,0.6062992125984252,Healthy,,645.0,0.0,35.0,0.0,0.0,,,,2.0,247.0,0.0,363.0,0.0,0.0,0.5577000000000001,0.5714,
00-0034386,WR,Justin Watson,KC,2024,13,0,1,00-0033873,0,LV,0.875,Healthy,,,0.0,22.5,0.0,0.0,,,,,,0.0,218.0,0.0,0.0,0.625,0.6923,
00-0034407,WR,Ray-Ray McCloud,ATL,2024,13,0,1,00-0029604,0,LAC,0.4878048780487805,Healthy,,389.0,7.5,28.25,0.0,0.25,,,,0.0,173.0,56.0,381.0,0.0,1.0,0.5294,0.5556,
00-0034418,WR,Cedrick Wilson Jr.,NO,2024,13,0,1,00-0031280,0,LA,0.44642857142857145,Healthy,,,0.0,34.0,0.0,0.0,,,,,,0.0,122.0,0.0,1.0,0.5686,0.46149999999999997,
00-0034487,WR,Trent Sherfield,MIN,2024,13,0,1,00-0034869,0,ARI,0.6428571428571429,Healthy,,,0.0,11.333333333333334,0.0,0.0,,,,,,0.0,77.0,0.0,1.0,0.6056,0.16670000000000001,
00-0034577,QB,Kyle Allen,PIT,2024,13,0,0,00-0029263,0,CIN,0.38167938931297707,Healthy,,,,,,,,,,0.0,0.0,0.0,0.0,0.0,0.0,0.5167,0.8571,
00-0034613,TE,Tanner Hudson,CIN,2024,13,0,1,00-0036442,0,PIT,0.6183206106870229,Healthy,,306.0,0.3333333333333333,23.0,0.0,0.3333333333333333,,,,3.0,356.0,1.0,87.0,0.0,1.0,0.4717,0.8889,
00-0034646,WR,Brandon Powell,MIN,2024,13,0,1,00-0034869,0,ARI,0.6428571428571429,Healthy,,,0.0,11.0,0.0,0.0,,,,,,0.0,51.0,0.0,0.0,0.6056,0.16670000000000001,
00-0034753,TE,Mark Andrews,BAL,2024,13,0,1,00-0034796,0,PHI,0.6078431372549019,Healthy,,,0.5,40.0,0.0,0.5,,,,,,2.0,423.0,0.0,6.0,0.65,0.5,
00-0034771,QB,Mason Rudolph,TEN,2024,13,0,0,00-0034771,0,WAS,0.28985507246376807,Healthy,,332.0,19.0,0.0,0.0,0.0,,,,0.0,0.0,61.0,0.0,1.0,0.0,0.5667,0.6,
00-0034777,WR,DJ Chark,LAC,2024,13,0,0,00-0036355,0,ATL,0.5121951219512195,Healthy,,400.0,,,,,,,,0.0,218.0,,,,,0.45280000000000004,0.7,
00-0034791,RB,Nick Chubb,CLE,2024,13,0,0,00-0031503,0,DEN,0.303030303030303,Healthy,,,50.0,-0.75,0.5,0.0,,,,,,222.0,7.0,3.0,0.0,0.5763,0.2,
00-0034796,QB,Lamar Jackson,BAL,2024,13,0,1,00-0034796,0,PHI,0.6078431372549019,Healthy,,,24.5,0.0,0.25,0.0,,,,0.0,0.0,599.0,0.0,3.0,0.0,0.65,0.5,
00-0034798,TE,Durham Smythe,MIA,2024,13,0,0,00-0036212,0,GB,0.37037037037037035,Healthy,,,0.0,5.25,0.0,0.0,,,,,,0.0,32.0,0.0,0.0,0.5397,0.5714,
00-0034827,WR,DJ Moore,CHI,2024,13,0,0,00-0039918,0,DET,0.18518518518518523,Healthy,,,5.25,56.25,0.0,0.25,,,,,,36.0,566.0,0.0,4.0,0.6563,0.2857,
00-0034829,TE,Mike Gesicki,CIN,2024,13,0,1,00-0036442,0,PIT,0.6183206106870229,Healthy,,306.0,0.0,50.75,0.0,0.5,,,,3.0,356.0,0.0,383.0,0.0,2.0,0.4717,0.8889,
00-0034837,WR,Calvin Ridley,TEN,2024,13,0,0,00-0034771,0,WAS,0.28985507246376807,Healthy,,332.0,0.0,77.0,0.0,0.5,,,,,,32.0,634.0,1.0,3.0,0.5667,0.6,
00-0034844,RB,Saquon Barkley,PHI,2024,13,0,0,00-0036389,0,BAL,0.3921568627450981,Healthy,,285.0,156.5,37.75,1.25,0.25,,,,1.0,179.0,1392.0,257.0,10.0,2.0,0.42310000000000003,0.5556,
00-0034854,WR,KhaDarel Hodge,ATL,2024,13,0,1,00-0029604,0,LAC,0.4878048780487805,Healthy,,389.0,0.0,15.5,0.0,0.0,,,,0.0,173.0,0.0,98.0,0.0,1.0,0.5294,0.5556,
00-0034855,QB,Baker Mayfield,TB,2024,13,0,0,00-0034855,0,CAR,0.6666666666666667,Healthy,,391.0,15.75,0.0,0.25,0.0,,,,0.0,0.0,221.0,0.0,3.0,0.0,0.6315999999999999,0.4167,
00-0034857,QB,Josh Allen,BUF,2024,13,0,1,00-0034857,0,SF,0.7560975609756098,Healthy,,,34.25,0.0,0.5,0.0,,,,0.0,0.0,316.0,0.0,5.0,0.0,0.5254,0.8181999999999999,
00-0034869,QB,Sam Darnold,MIN,2024,13,0,1,00-0034869,0,ARI,0.6428571428571429,Healthy,,,14.75,0.0,0.25,0.0,,,,0.0,0.0,165.0,0.0,1.0,0.0,0.6056,0.16670000000000001,
00-0034928,WR,Steven Sims,HOU,2024,13,0,0,00-0039163,0,JAX,0.6062992125984252,Healthy,,,,,,,,,,,,0.0,0.0,0.0,0.0,0.5577000000000001,0.5714,
00-0034955,QB,Brett Rypien,MIN,2024,13,0,1,00-0034869,0,ARI,0.6428571428571429,Healthy,,,,,,,,,,0.0,0.0,,,,,0.6056,0.16670000000000001,
00-0034960,WR,Jakobi Meyers,LV,2024,13,0,0,00-0035289,0,KC,0.125,Healthy,,336.0,5.0,76.5,0.0,0.25,,,,1.0,230.0,23.0,579.0,0.0,2.0,0.5088,0.5,
00-0034972,RB,Alexander Mattison,LV,2024,13,0,0,00-0035289,0,KC,0.125,Minor,,336.0,23.333333333333332,26.333333333333332,0.0,0.0,,,,1.0,230.0,320.0,245.0,3.0,1.0,0.5088,0.5,
00-0034975,RB,Justice Hill,BAL,2024,13,0,1,00-0034796,0,PHI,0.6078431372549019,Healthy,,,20.25,19.5,0.25,0.0,,,,,,185.0,307.0,1.0,2.0,0.65,0.5,
00-0034981,TE,Foster Moreau,NO,2024,13,0,1,00-0031280,0,LA,0.44642857142857145,Healthy,,,0.0,16.75,0.0,0.25,,,,,,0.0,217.0,0.0,3.0,0.5686,0.46149999999999997,
00-0035021,WR,Ashton Dulin,IND,2024,13,0,0,00-0026158,0,NE,0.5454545454545454,Healthy,,373.0,8.0,0.0,0.0,0.0,,,,,,45.0,67.0,0.0,1.0,0.46149999999999997,0.6667000000000001,
00-0035099,RB,Khari Blasingame,CHI,2024,13,0,0,00-0039918,0,DET,0.18518518518518523,Healthy,,,,,,,,,,,,,,,,0.6563,0.2857,
00-0035100,QB,Jake Browning,CIN,2024,13,0,1,00-0036442,0,PIT,0.6183206106870229,Healthy,,306.0,-1.0,0.0,0.0,0.0,,,,0.0,0.0,-1.0,0.0,0.0,0.0,0.4717,0.8889,
00-0035125,RB,Alec Ingold,MIA,2024,13,0,0,00-0036212,0,GB,0.37037037037037035,Minor,,,,,,,,,,,,13.0,60.0,1.0,0.0,0.5397,0.5714,
00-0035140,WR,Mecole Hardman,KC,2024,13,0,1,00-0033873,0,LV,0.875,Healthy,,,6.0,8.0,0.0,0.0,,,,,,62.0,90.0,1.0,0.0,0.625,0.6923,
00-0035208,WR,Olamide Zaccheaus,WAS,2024,13,0,1,00-0032268,0,TEN,0.7101449275362319,Healthy,,,0.0,18.5,0.0,0.0,,,,,,0.0,250.0,0.0,0.0,0.377,0.6364,
00-0035216,WR,Diontae Johnson,BAL,2024,13,0,1,00-0034796,0,PHI,0.6078431372549019,Healthy,,,0.0,2.0,0.0,0.0,,,,,,6.0,363.0,0.0,3.0,0.65,0.5,
00-0035228,QB,Kyler Murray,ARI,2024,13,0,0,00-0035228,0,MIN,0.3571428571428571,Healthy,,400.0,13.75,0.0,0.5,0.0,,,,0.0,0.0,380.0,0.0,4.0,0.0,0.54,0.8,
00-0035229,TE,T.J. Hockenson,MIN,2024,13,0,1,00-0034869,0,ARI,0.6428571428571429,Healthy,,,0.0,56.5,0.0,0.0,,,,,,0.0,226.0,0.0,0.0,0.6056,0.16670000000000001,
00-0035249,TE,Josh Oliver,MIN,2024,13,0,1,00-0034869,0,ARI,0.6428571428571429,Healthy,,,0.0,48.0,0.0,0.3333333333333333,,,,,,0.0,216.0,0.0,3.0,0.6056,0.16670000000000001,
00-0035250,RB,Devin Singletary,NYG,2024,13,0,0,00-0038476,0,DAL,0.37037037037037035,Healthy,,414.0,21.75,6.0,0.25,0.0,,,,0.0,189.0,326.0,99.0,3.0,0.0,0.5962,0.7273000000000001,
00-0035261,RB,Tony Pollard,TEN,2024,13,0,0,00-0034771,0,WAS,0.28985507246376807,Healthy,,,76.5,17.25,0.25,0.0,,,,,,800.0,178.0,4.0,0.0,0.5667,0.6,
00-0035264,QB,Jarrett Stidham,DEN,2024,13,0,1,00-0039732,0,CLE,0.696969696969697,Healthy,,368.0,,,,,,,,0.0,0.0,-2.0,0.0,0.0,0.0,0.7111,0.75,
00-0035282,QB,Easton Stick,LAC,2024,13,0,0,00-0036355,0,ATL,0.5121951219512195,Healthy,,,,,,,,,,0.0,0.0,,,,,0.45280000000000004,0.7,
00-0035289,QB,Gardner Minshew,LV,2024,13,0,0,00-0035289,0,KC,0.125,Minor,,336.0,4.5,0.0,0.0,0.0,,,,0.0,0.0,58.0,0.0,0.0,0.0,0.5088,0.5,
00-0035291,RB,Trayveon Williams,CIN,2024,13,0,1,00-0036442,0,PIT,0.6183206106870229,Healthy,,306.0,,,,,,,,3.0,356.0,,,,,0.4717,0.8889,
00-0035298,WR,Scott Miller,PIT,2024,13,0,0,00-0029263,0,CIN,0.38167938931297707,Healthy,,,0.0,0.0,0.0,0.0,,,,,,0.0,31.0,0.0,0.0,0.5167,0.8571,
00-0035341,WR,Trenton Irwin,CIN,2024,13,0,1,00-0036442,0,PIT,0.6183206106870229,Healthy,,,0.0,2.0,0.0,0.0,,,,,,0.0,15.0,0.0,0.0,0.4717,0.8889,
00-0035406,WR,Lil'Jordan Humphrey,DEN,2024,13,0,1,00-0039732,0,CLE,0.696969696969697,Healthy,,368.0,0.0,22.5,0.0,0.25,,,,2.0,273.0,0.0,267.0,0.0,1.0,0.7111,0.75,
00-0035500,WR,Greg Dortch,ARI,2024,13,0,0,00-0035228,0,MIN,0.3571428571428571,Healthy,,,0.0,3.25,0.0,0.0,,,,,,4.0,192.0,0.0,1.0,0.54,0.8,
00-0035535,WR,Darius Slayton,NYG,2024,13,0,0,00-0038476,0,DAL,0.37037037037037035,Healthy,,414.0,3.6666666666666665,52.333333333333336,0.0,0.0,,,,0.0,189.0,11.0,469.0,0.0,1.0,0.5962,0.7273000000000001,
00-0035537,RB,Ty Johnson,BUF,2024,13,0,1,00-0034857,0,SF,0.7560975609756098,Healthy,,,10.25,8.0,0.0,0.0,,,,,,117.0,97.0,1.0,2.0,0.5254,0.8181999999999999,
00-0035567,RB,Craig Reynolds,DET,2024,13,0,1,00-0033106,0,CHI,0.8148148148148148,Healthy,,,13.5,0.0,0.0,0.0,,,,,,51.0,0.0,0.0,0.0,0.6889,0.4118,
00-0035594,RB,Travis Homer,CHI,2024,13,0,0,00-0039918,0,DET,0.18518518518518523,Healthy,,,,,,,,,,,,16.0,0.0,0.0,0.0,0.6563,0.2857,
00-0035628,RB,D'Ernest Johnson,JAX,2024,13,0,1,00-0036972,0,HOU,0.3937007874015748,Healthy,,369.0,4.0,6.666666666666667,0.0,0.0,,,,0.0,138.0,117.0,77.0,0.0,0.0,0.5574,0.6,
00-0035631,TE,Drew Sample,CIN,2024,13,0,1,00-0036442,0,PIT,0.6183206106870229,Healthy,,,-2.0,11.5,0.0,0.5,,,,,,-4.0,51.0,0.0,1.0,0.4717,0.8889,
00-0035640,WR,DK Metcalf,SEA,2024,13,0,0,00-0030565,0,NYJ,0.5327102803738317,Healthy,,332.0,0.0,64.5,0.0,0.0,,,,1.0,254.0,0.0,697.0,0.0,3.0,0.48979999999999996,0.6154,
00-0035644,TE,Noah Fant,SEA,2024,13,0,0,00-0030565,0,NYJ,0.5327102803738317,Healthy,,,0.0,22.0,0.0,0.0,,,,,,0.0,285.0,0.0,0.0,0.48979999999999996,0.6154,
00-0035659,WR,Terry McLaurin,WAS,2024,13,0,1,00-0032268,0,TEN,0.7101449275362319,Healthy,,,0.0,61.0,0.0,0.75,,,,,,2.0,823.0,0.0,7.0,0.377,0.6364,
00-0035676,WR,A.J. Brown,PHI,2024,13,0,0,00-0036389,0,BAL,0.3921568627450981,Healthy,,285.0,0.0,79.75,0.0,0.25,,,,1.0,179.0,0.0,727.0,0.0,4.0,0.42310000000000003,0.5556,
00-0035685,RB,David Montgomery,DET,2024,13,0,1,00-0033106,0,CHI,0.8148148148148148,Minor,,,54.25,25.75,1.0,0.0,,,,,,632.0,241.0,11.0,0.0,0.6889,0.4118,
00-0035689,TE,Dawson Knox,BUF,2024,13,0,1,00-0034857,0,SF,0.7560975609756098,Healthy,,,0.0,33.75,0.0,0.0,,,,,,0.0,182.0,0.0,1.0,0.5254,0.8181999999999999,
00-0035700,RB,Josh Jacobs,GB,2024,13,0,1,00-0036264,0,MIA,0.6296296296296297,Minor,,271.0,101.0,17.25,1.5,0.0,,,,2.0,163.0,944.0,186.0,7.0,1.0,0.6167,0.16670000000000001,
00-0035704,QB,Drew Lock,NYG,2024,13,0,0,00-0038476,0,DAL,0.37037037037037035,Healthy,,,0.0,0.0,0.0,0.0,,,,0.0,0.0,13.0,0.0,0.0,0.0,0.5962,0.7273000000000001,
00-0035719,WR,Deebo Samuel Sr.,SF,2024,13,0,0,00-0037834,0,BUF,0.24390243902439024,Healthy,,,7.0,44.0,0.0,0.0,,,,,,79.0,511.0,1.0,1.0,0.5536,0.7273000000000001,
00-0035806,RB,JaMycal Hasty,NE,2024,13,0,1,00-0039851,0,IND,0.45454545454545453,Healthy,,,9.25,0.25,0.0,0.0,,,,,,69.0,59.0,0.0,1.0,0.5577000000000001,0.6364,
00-0035891,WR,Cody White,SEA,2024,13,0,0,00-0030565,0,NYJ,0.5327102803738317,Healthy,,,0.0,44.0,0.0,0.0,,,,,,0.0,44.0,0.0,0.0,0.48979999999999996,0.6154,
00-0035924,RB,Jonathan Ward,PIT,2024,13,0,0,00-0029263,0,CIN,0.38167938931297707,Healthy,,,,,,,,,,,,22.0,0.0,0.0,0.0,0.5167,0.8571,
00-0036040,TE,Juwan Johnson,NO,2024,13,0,1,00-0031280,0,LA,0.44642857142857145,Healthy,,,0.0,35.25,0.0,0.25,,,,,,0.0,277.0,0.0,2.0,0.5686,0.46149999999999997,
00-0036139,RB,Rico Dowdle,DAL,2024,13,0,1,00-0033662,0,NYG,0.6296296296296297,Healthy,,450.0,60.5,13.25,0.0,0.25,,,,2.0,247.0,488.0,184.0,0.0,3.0,0.6102000000000001,0.6429,
00-0036158,RB,J.K. Dobbins,LAC,2024,13,0,0,00-0036355,0,ATL,0.5121951219512195,Healthy,,,57.75,11.75,1.0,0.0,,,,,,766.0,134.0,8.0,0.0,0.45280000000000004,0.7,
00-0036182,WR,Nick Westbrook-Ikhine,TEN,2024,13,0,0,00-0034771,0,WAS,0.28985507246376807,Healthy,,,0.0,61.5,0.0,0.75,,,,,,0.0,304.0,0.0,6.0,0.5667,0.6,
00-0036187,RB,Reggie Gilliam,BUF,2024,13,0,1,00-0034857,0,SF,0.7560975609756098,Healthy,,,,,,,,,,,,,,,,0.5254,0.8181999999999999,
00-0036212,QB,Tua Tagovailoa,MIA,2024,13,0,0,00-0036212,0,GB,0.37037037037037035,Healthy,,,0.0,0.0,0.0,0.0,,,,0.0,0.0,41.0,0.0,0.0,0.0,0.5397,0.5714,
00-0036223,RB,Jonathan Taylor,IND,2024,13,0,0,00-0026158,0,NE,0.5454545454545454,Healthy,,373.0,63.5,5.5,0.0,0.0,,,,,,708.0,111.0,5.0,0.0,0.46149999999999997,0.6667000000000001,
00-0036232,TE,Harrison Bryant,LV,2024,13,0,0,00-0035289,0,KC,0.125,Minor,,,0.0,22.0,0.0,0.0,,,,,,0.0,86.0,0.0,0.0,0.5088,0.5,
00-0036244,TE,Colby Parkinson,LA,2024,13,0,0,00-0026498,0,NO,0.5535714285714286,Healthy,,,0.0,14.5,0.0,0.5,,,,,,0.0,243.0,0.0,1.0,0.5106,0.5714,
00-0036252,WR,Michael Pittman,IND,2024,13,0,0,00-0026158,0,NE,0.5454545454545454,Healthy,,,0.0,52.0,0.0,0.0,,,,,,0.0,508.0,0.0,2.0,0.46149999999999997,0.6667000000000001,
00-0036254,WR,Collin Johnson,CHI,2024,13,0,0,00-0039918,0,DET,0.18518518518518523,Healthy,,,,,,,,,,,,,,,,0.6563,0.2857,
00-0036259,WR,Jauan Jennings,SF,2024,13,0,0,00-0037834,0,BUF,0.24390243902439024,Healthy,,,0.0,74.66666666666667,0.0,0.3333333333333333,,,,,,0.0,628.0,0.0,4.0,0.5536,0.7273000000000001,
00-0036264,QB,Jordan Love,GB,2024,13,0,1,00-0036264,0,MIA,0.6296296296296297,Healthy,,271.0,4.75,0.0,0.25,0.0,,,,0.0,0.0,48.0,0.0,1.0,0.0,0.6167,0.16670000000000001,
00-0036268,WR,Laviska Shenault Jr.,SEA,2024,13,0,0,00-0030565,0,NYJ,0.5327102803738317,Healthy,,,0.0,10.0,0.0,0.0,,,,,,1.0,36.0,0.0,0.0,0.48979999999999996,0.6154,
00-0036275,RB,D'Andre Swift,CHI,2024,13,0,0,00-0039918,0,DET,0.18518518518518523,Healthy,,,52.75,21.25,0.25,0.0,,,,,,665.0,278.0,5.0,0.0,0.6563,0.2857,
00-0036290,TE,Cole Kmet,CHI,2024,13,0,0,00-0039918,0,DET,0.18518518518518523,Healthy,,,0.0,39.666666666666664,0.0,0.0,,,,,,0.0,422.0,0.0,3.0,0.6563,0.2857,
00-0036309,WR,Darnell Mooney,ATL,2024,13,0,1,00-0029604,0,LAC,0.4878048780487805,Healthy,,,0.0,74.25,0.0,0.5,,,,,,0.0,711.0,0.0,5.0,0.5294,0.5556,
00-0036322,WR,Justin Jefferson,MIN,2024,13,0,1,00-0034869,0,ARI,0.6428571428571429,Healthy,,,0.0,73.25,0.0,0.0,,,,,,3.0,939.0,0.0,5.0,0.6056,0.16670000000000001,
00-0036328,RB,Antonio Gibson,NE,2024,13,0,1,00-0039851,0,IND,0.45454545454545453,Healthy,,,18.5,7.0,0.0,0.0,,,,,,311.0,147.0,0.0,0.0,0.5577000000000001,0.6364,
00-0036331,WR,Devin Duvernay,JAX,2024,13,0,1,00-0036972,0,HOU,0.3937007874015748,Healthy,,369.0,0.0,0.0,0.0,0.0,,,,0.0,138.0,10.0,-1.0,0.0,0.0,0.5574,0.6,
00-0036332,TE,Josiah Deguara,JAX,2024,13,0,1,00-0036972,0,HOU,0.3937007874015748,Healthy,,,,,,,,,,,,0.0,10.0,0.0,0.0,0.5574,0.6,
00-0036345,WR,K.J. Osborn,NE,2024,13,0,1,00-0039851,0,IND,0.45454545454545453,Healthy,,,0.0,0.0,0.0,0.0,,,,,,0.0,57.0,0.0,1.0,0.5577000000000001,0.6364,
00-0036355,QB,Justin Herbert,LAC,2024,13,0,0,00-0036355,0,ATL,0.5121951219512195,Healthy,,,32.0,0.0,0.5,0.0,,,,0.0,0.0,211.0,0.0,2.0,0.0,0.45280000000000004,0.7,
00-0036358,WR,CeeDee Lamb,DAL,2024,13,0,1,00-0033662,0,NYG,0.6296296296296297,Minor,,450.0,8.0,57.0,0.0,0.0,,,,2.0,247.0,69.0,841.0,0.0,4.0,0.6102000000000001,0.6429,
00-0036360,RB,Clyde Edwards-Helaire,KC,2024,13,0,1,00-0033873,0,LV,0.875,Healthy,,,,,,,,,,,,,,,,0.625,0.6923,
00-0036370,RB,Joshua Kelley,TEN,2024,13,0,0,00-0034771,0,WAS,0.28985507246376807,Healthy,,,,,,,,,,,,,,,,0.5667,0.6,
00-0036387,WR,Jalen Reagor,LAC,2024,13,0,0,00-0036355,0,ATL,0.5121951219512195,Healthy,,,-0.5,5.0,0.0,0.0,,,,,,-3.0,96.0,0.0,0.0,0.45280000000000004,0.7,
00-0036389,QB,Jalen Hurts,PHI,2024,13,0,0,00-0036389,0,BAL,0.3921568627450981,Healthy,,285.0,50.25,0.0,1.0,0.0,,,,0.0,0.0,456.0,0.0,11.0,0.0,0.42310000000000003,0.5556,
00-0036407,WR,Jerry Jeudy,CLE,2024,13,0,0,00-0031503,0,DEN,0.303030303030303,Healthy,,,0.0,94.75,0.0,0.25,,,,,,0.0,645.0,0.0,2.0,0.5763,0.2,
00-0036410,WR,Tee Higgins,CIN,2024,13,0,1,00-0036442,0,PIT,0.6183206106870229,Healthy,,,0.0,148.0,0.0,1.0,,,,,,0.0,489.0,0.0,4.0,0.4717,0.8889,
00-0036414,RB,Cam Akers,MIN,2024,13,0,1,00-0034869,0,ARI,0.6428571428571429,Healthy,,,32.0,8.25,0.0,0.25,,,,,,275.0,49.0,1.0,2.0,0.6056,0.16670000000000001,
00-0036415,WR,Van Jefferson,PIT,2024,13,0,0,00-0029263,0,CIN,0.38167938931297707,Healthy,,,0.0,25.25,0.0,0.0,,,,,,0.0,178.0,0.0,1.0,0.5167,0.8571,
00-0036422,TE,Adam Trautman,DEN,2024,13,0,1,00-0039732,0,CLE,0.696969696969697,Healthy,,,0.0,10.25,0.0,0.0,,,,,,0.0,158.0,0.0,1.0,0.7111,0.75,
00-0036425,RB,DeeJay Dallas,ARI,2024,13,0,0,00-0035228,0,MIN,0.3571428571428571,Healthy,,,6.0,0.0,0.0,0.0,,,,,,12.0,0.0,0.0,0.0,0.54,0.8,
00-0036427,WR,Tyler Johnson,LA,2024,13,0,0,00-0026498,0,NO,0.5535714285714286,Healthy,,,0.0,24.666666666666668,0.0,0.0,,,,,,0.0,256.0,0.0,0.0,0.5106,0.5714,
00-0036429,TE,Charlie Woerner,ATL,2024,13,0,1,00-0029604,0,LAC,0.4878048780487805,Healthy,,,0.0,6.5,0.0,0.0,,,,,,0.0,17.0,0.0,0.0,0.5294,0.5556,
00-0036442,QB,Joe Burrow,CIN,2024,13,0,1,00-0036442,0,PIT,0.6183206106870229,Healthy,,,15.0,0.0,0.0,0.0,,,,0.0,0.0,151.0,0.0,1.0,0.0,0.4717,0.8889,
00-0036471,WR,Mathew Sexton,MIA,2024,13,0,0,00-0036212,0,GB,0.37037037037037035,Healthy,,,,,,,,,,,,,,,,0.5397,0.5714,
00-0036497,WR,Tim Jones,JAX,2024,13,0,1,00-0036972,0,HOU,0.3937007874015748,Healthy,,,0.0,15.0,0.0,0.0,,,,,,0.0,30.0,0.0,0.0,0.5574,0.6,
00-0036510,TE,Kenny Yeboah,NYJ,2024,13,0,1,00-0023459,0,SEA,0.4672897196261682,Healthy,,,0.0,9.0,0.0,0.3333333333333333,,,,,,0.0,27.0,0.0,1.0,0.6071,0.375,
00-0036527,WR,DJ Turner,LV,2024,13,0,0,00-0035289,0,KC,0.125,Healthy,,,1.3333333333333333,20.666666666666668,0.0,0.3333333333333333,,,,,,33.0,133.0,1.0,1.0,0.5088,0.5,
00-0036534,TE,Shane Zylstra,DET,2024,13,0,1,00-0033106,0,CHI,0.8148148148148148,Healthy,,,0.0,22.0,0.0,0.0,,,,,,0.0,22.0,0.0,0.0,0.6889,0.4118,
00-0036550,WR,Rashod Bateman,BAL,2024,13,0,1,00-0034796,0,PHI,0.6078431372549019,Healthy,,,0.0,38.0,0.0,0.5,,,,,,0.0,574.0,0.0,5.0,0.65,0.5,
00-0036554,WR,Nico Collins,HOU,2024,13,0,0,00-0039163,0,JAX,0.6062992125984252,Healthy,,,0.0,73.0,0.0,0.5,,,,,,0.0,713.0,0.0,4.0,0.5577000000000001,0.5714,
00-0036555,RB,Chuba Hubbard,CAR,2024,13,0,1,00-0027973,0,TB,0.3333333333333333,Healthy,,245.0,84.75,8.25,1.0,0.0,,,,,,876.0,126.0,7.0,1.0,0.45,0.6,
00-0036590,TE,Quintin Morris,BUF,2024,13,0,1,00-0034857,0,SF,0.7560975609756098,Healthy,,,0.0,1.0,0.0,0.5,,,,,,0.0,2.0,0.0,1.0,0.5254,0.8181999999999999,
00-0036613,WR,Jaylen Waddle,MIA,2024,13,0,0,00-0036212,0,GB,0.37037037037037035,Healthy,,,-0.25,58.5,0.0,0.5,,,,,,6.0,548.0,0.0,2.0,0.5397,0.5714,
00-0036620,WR,Dee Eskridge,MIA,2024,13,0,0,00-0036212,0,GB,0.37037037037037035,Healthy,,,,,,,,,,,,0.0,36.0,0.0,0.0,0.5397,0.5714,
00-0036626,WR,Dyami Brown,WAS,2024,13,0,1,00-0032268,0,TEN,0.7101449275362319,Healthy,,,3.5,9.25,0.0,0.0,,,,,,14.0,171.0,0.0,1.0,0.377,0.6364,
00-0036628,TE,John Bates,WAS,2024,13,0,1,00-0032268,0,TEN,0.7101449275362319,Healthy,,,0.0,15.0,0.0,0.0,,,,,,0.0,64.0,0.0,0.0,0.377,0.6364,
00-0036630,WR,Tylan Wallace,BAL,2024,13,0,1,00-0034796,0,PHI,0.6078431372549019,Healthy,,,0.0,46.0,0.0,0.3333333333333333,,,,,,0.0,169.0,0.0,1.0,0.65,0.5,
00-0036635,WR,Ihmir Smith-Marsette,NYG,2024,13,0,0,00-0038476,0,DAL,0.37037037037037035,Healthy,,,,,,,,,,,,,,,,0.5962,0.7273000000000001,
00-0036637,TE,Noah Gray,KC,2024,13,0,1,00-0033873,0,LV,0.875,Healthy,,,0.0,26.75,0.0,1.0,,,,,,0.0,315.0,0.0,4.0,0.625,0.6923,
00-0036674,TE,Josh Pederson,JAX,2024,13,0,1,00-0036972,0,HOU,0.3937007874015748,Healthy,,,,,,,,,,,,,,,,0.5574,0.6,
00-0036727,RB,Adam Prentice,NO,2024,13,0,1,00-0031280,0,LA,0.44642857142857145,Healthy,,,0.0,0.0,0.0,0.0,,,,,,0.0,0.0,0.0,0.0,0.5686,0.46149999999999997,
00-0036741,TE,Jack Stoll,MIA,2024,13,0,0,00-0036212,0,GB,0.37037037037037035,Healthy,,,,,,,,,,,,0.0,10.0,0.0,0.0,0.5397,0.5714,
00-0036754,TE,Brock Wright,DET,2024,13,0,1,00-0033106,0,CHI,0.8148148148148148,Healthy,,,0.0,10.0,0.0,0.3333333333333333,,,,,,0.0,87.0,0.0,2.0,0.6889,0.4118,
00-0036825,TE,Feleipe Franks,CAR,2024,13,0,1,00-0027973,0,TB,0.3333333333333333,Healthy,,,,,,,,,,,,0.0,0.0,0.0,0.0,0.45,0.6,
00-0036849,WR,Tutu Atwell,LA,2024,13,0,0,00-0026498,0,NO,0.5535714285714286,Healthy,,,0.0,18.25,0.0,0.0,,,,,,7.0,423.0,0.0,0.0,0.5106,0.5714,
00-0036862,WR,Ben Skowronek,PIT,2024,13,0,0,00-0029263,0,CIN,0.38167938931297707,Healthy,,,0.0,4.0,0.0,0.0,,,,,,0.0,4.0,0.0,0.0,0.5167,0.8571,
00-0036875,RB,Rhamondre Stevenson,NE,2024,13,0,1,00-0039851,0,IND,0.45454545454545453,Healthy,,,44.0,14.25,0.25,0.25,,,,,,598.0,118.0,6.0,1.0,0.5577000000000001,0.6364,
00-0036876,TE,Kylen Granson,IND,2024,13,0,0,00-0026158,0,NE,0.5454545454545454,Healthy,,,0.0,10.25,0.0,0.0,,,,,,0.0,94.0,0.0,0.0,0.46149999999999997,0.6667000000000001,
00-0036877,WR,Jaelon Darden,CLE,2024,13,0,0,00-0031503,0,DEN,0.303030303030303,Healthy,,,,,,,,,,,,0.0,6.0,0.0,0.0,0.5763,0.2,
00-0036879,QB,Sam Ehlinger,IND,2024,13,0,0,00-0026158,0,NE,0.5454545454545454,Healthy,,,,,,,,,,0.0,0.0,,,,,0.46149999999999997,0.6667000000000001,
00-0036887,TE,Luke Farrell,JAX,2024,13,0,1,00-0036972,0,HOU,0.3937007874015748,Healthy,,,0.0,8.0,0.0,0.0,,,,,,0.0,55.0,0.0,0.0,0.5574,0.6,
00-0036893,RB,Najee Harris,PIT,2024,13,0,0,00-0029263,0,CIN,0.38167938931297707,Healthy,,,67.75,15.0,0.25,0.0,,,,,,749.0,195.0,3.0,0.0,0.5167,0.8571,
00-0036894,TE,Pat Freiermuth,PIT,2024,13,0,0,00-0029263,0,CIN,0.38167938931297707,Healthy,,,0.0,27.25,0.0,0.25,,,,,,0.0,354.0,0.0,3.0,0.5167,0.8571,
00-0036898,QB,Davis Mills,HOU,2024,13,0,0,00-0039163,0,JAX,0.6062992125984252,Healthy,,,,,,,,,,0.0,0.0,0.0,0.0,0.0,0.0,0.5577000000000001,0.5714,
00-0036900,WR,Ja'Marr Chase,CIN,2024,13,0,1,00-0036442,0,PIT,0.6183206106870229,Healthy,,,0.0,109.0,0.0,1.5,,,,,,11.0,1056.0,0.0,12.0,0.4717,0.8889,
00-0036906,RB,Khalil Herbert,CIN,2024,13,0,1,00-0036442,0,PIT,0.6183206106870229,Healthy,,,,,,,,,,,,16.0,4.0,1.0,0.0,0.4717,0.8889,
00-0036912,WR,DeVonta Smith,PHI,2024,13,0,0,00-0036389,0,BAL,0.3921568627450981,Healthy,,,0.0,43.333333333333336,0.0,0.3333333333333333,,,,,,0.0,516.0,0.0,4.0,0.42310000000000003,0.5556,
00-0036919,RB,Kenneth Gainwell,PHI,2024,13,0,0,00-0036389,0,BAL,0.3921568627450981,Healthy,,,26.0,4.0,0.25,0.0,,,,,,219.0,49.0,1.0,0.0,0.42310000000000003,0.5556,
00-0036928,QB,Kyle Trask,TB,2024,13,0,0,00-0034855,0,CAR,0.6666666666666667,Healthy,,391.0,,,,,,,,0.0,0.0,-2.0,0.0,0.0,0.0,0.6315999999999999,0.4167,
00-0036945,QB,Justin Fields,PIT,2024,13,0,0,00-0029263,0,CIN,0.38167938931297707,Healthy,,,21.5,0.0,0.0,0.0,,,,0.0,0.0,274.0,0.0,5.0,0.0,0.5167,0.8571,
00-0036950,RB,Avery Williams,ATL,2024,13,0,1,00-0029604,0,LAC,0.4878048780487805,Healthy,,,,,,,,,,,,,,,,0.5294,0.5556,
00-0036963,WR,Amon-Ra St. Brown,DET,2024,13,0,1,00-0033106,0,CHI,0.8148148148148148,Minor,,,-1.0,84.75,0.0,1.0,,,,,,-4.0,747.0,0.0,9.0,0.6889,0.4118,
00-0036970,TE,Kyle Pitts,ATL,2024,13,0,1,00-0029604,0,LAC,0.4878048780487805,Healthy,,,0.0,41.5,0.0,0.5,,,,,,0.0,494.0,0.0,3.0,0.5294,0.5556,
00-0036971,QB,Trevor Lawrence,JAX,2024,13,0,1,00-0036972,0,HOU,0.3937007874015748,Healthy,,,9.0,0.0,1.5,0.0,,,,0.0,0.0,113.0,0.0,3.0,0.0,0.5574,0.6,
00-0036972,QB,Mac Jones,JAX,2024,13,0,1,00-0036972,0,HOU,0.3937007874015748,Healthy,,,7.5,0.0,0.5,0.0,,,,0.0,0.0,15.0,0.0,1.0,0.0,0.5574,0.6,
00-0036973,RB,Travis Etienne,JAX,2024,13,0,1,00-0036972,0,HOU,0.3937007874015748,Healthy,,,31.666666666666668,3.6666666666666665,0.0,0.0,,,,,,325.0,102.0,2.0,0.0,0.5574,0.6,
00-0036980,WR,Elijah Moore,CLE,2024,13,0,0,00-0031503,0,DEN,0.303030303030303,Healthy,,,0.0,50.0,0.0,0.25,,,,,,0.0,336.0,0.0,1.0,0.5763,0.2,
00-0036984,RB,Trey Sermon,IND,2024,13,0,0,00-0026158,0,NE,0.5454545454545454,Healthy,,,1.3333333333333333,5.333333333333333,0.0,0.0,,,,,,131.0,75.0,2.0,0.0,0.46149999999999997,0.6667000000000001,
00-0036988,WR,Josh Palmer,LAC,2024,13,0,0,00-0036355,0,ATL,0.5121951219512195,Healthy,,,0.0,40.0,0.0,0.25,,,,,,0.0,403.0,0.0,1.0,0.45280000000000004,0.7,
00-0036997,RB,Javonte Williams,DEN,2024,13,0,1,00-0039732,0,CLE,0.696969696969697,Healthy,,,25.0,20.5,0.25,0.0,,,,,,445.0,256.0,3.0,0.0,0.7111,0.75,
00-0037004,TE,Hunter Long,LA,2024,13,0,0,00-0026498,0,NO,0.5535714285714286,Healthy,,,0.0,4.0,0.0,0.0,,,,,,0.0,43.0,0.0,0.0,0.5106,0.5714,
00-0037005,TE,Tommy Tremble,CAR,2024,13,0,1,00-0027973,0,TB,0.3333333333333333,Healthy,,,0.0,9.0,0.0,0.0,,,,,,0.0,77.0,0.0,0.0,0.45,0.6,
00-0037012,QB,Trey Lance,DAL,2024,13,0,1,00-0033662,0,NYG,0.6296296296296297,Healthy,,,7.0,0.0,0.0,0.0,,,,0.0,0.0,14.0,0.0,0.0,0.0,0.6102000000000001,0.6429,
00-0037013,QB,Zach Wilson,DEN,2024,13,0,1,00-0039732,0,CLE,0.696969696969697,Healthy,,,,,,,,,,0.0,0.0,,,,,0.7111,0.75,
00-0037077,QB,Sam Howell,SEA,2024,13,0,0,00-0030565,0,NYJ,0.5327102803738317,Healthy,,,,,,,,,,0.0,0.0,,,,,0.48979999999999996,0.6154,
00-0037086,TE,Grant Calcaterra,PHI,2024,13,0,0,00-0036389,0,BAL,0.3921568627450981,Healthy,,,0.0,10.0,0.0,0.0,,,,,,0.0,216.0,0.0,0.0,0.42310000000000003,0.5556,
00-0037091,WR,Bo Melton,GB,2024,13,0,1,00-0036264,0,MIA,0.6296296296296297,Healthy,,271.0,1.6666666666666667,6.333333333333333,0.0,0.0,,,,2.0,163.0,39.0,73.0,0.0,0.0,0.6167,0.16670000000000001,
00-0037093,WR,Dareke Young,SEA,2024,13,0,0,00-0030565,0,NYJ,0.5327102803738317,Healthy,,,,,,,,,,,,0.0,0.0,0.0,0.0,0.48979999999999996,0.6154,
00-0037112,TE,Jake Tonges,SF,2024,13,0,0,00-0037834,0,BUF,0.24390243902439024,Healthy,,,,,,,,,,,,,,,,0.5536,0.7273000000000001,
00-0037120,RB,Tyler Goodson,IND,2024,13,0,0,00-0026158,0,NE,0.5454545454545454,Healthy,,,0.0,9.0,0.0,1.0,,,,,,128.0,56.0,1.0,1.0,0.46149999999999997,0.6667000000000001,
00-0037132,WR,Britain Covey,PHI,2024,13,0,0,00-0036389,0,BAL,0.3921568627450981,Healthy,,,,,,,,,,,,0.0,34.0,0.0,0.0,0.42310000000000003,0.5556,
00-0037156,WR,Irvin Charles,NYJ,2024,13,0,1,00-0023459,0,SEA,0.4672897196261682,Healthy,,,,,,,,,,,,0.0,0.0,0.0,0.0,0.6071,0.375,
00-0037228,RB,Jaylen Warren,PIT,2024,13,0,0,00-0029263,0,CIN,0.38167938931297707,Healthy,,,49.5,22.0,0.25,0.0,,,,,,303.0,142.0,1.0,0.0,0.5167,0.8571,
00-0037238,WR,Drake London,ATL,2024,13,0,1,00-0029604,0,LAC,0.4878048780487805,Healthy,,,0.0,54.75,0.0,0.25,,,,,,0.0,710.0,0.0,6.0,0.5294,0.5556,
00-0037240,WR,Jameson Williams,DET,2024,13,0,1,00-0033106,0,CHI,0.8148148148148148,Healthy,,,2.0,80.33333333333333,0.0,0.3333333333333333,,,,,,38.0,602.0,0.0,4.0,0.6889,0.4118,
00-0037247,WR,George Pickens,PIT,2024,13,0,0,00-0029263,0,CIN,0.38167938931297707,Healthy,,,1.0,75.5,0.0,0.25,,,,,,-6.0,776.0,0.0,2.0,0.5167,0.8571,
00-0037248,RB,James Cook,BUF,2024,13,0,1,00-0034857,0,SF,0.7560975609756098,Healthy,,,63.75,14.75,1.25,0.0,,,,,,596.0,182.0,10.0,1.0,0.5254,0.8181999999999999,
00-0037256,RB,Rachaad White,TB,2024,13,0,0,00-0034855,0,CAR,0.6666666666666667,Healthy,,,29.0,25.75,0.5,0.5,,,,,,343.0,301.0,2.0,4.0,0.6315999999999999,0.4167,
00-0037258,RB,Dameon Pierce,HOU,2024,13,0,0,00-0039163,0,JAX,0.6062992125984252,Healthy,,,2.0,0.0,0.0,0.0,,,,,,100.0,1.0,1.0,0.0,0.5577000000000001,0.5714,
00-0037261,WR,Khalil Shakir,BUF,2024,13,0,1,00-0034857,0,SF,0.7560975609756098,Healthy,,,0.5,71.25,0.0,0.0,,,,,,4.0,599.0,0.0,2.0,0.5254,0.8181999999999999,
00-0037263,RB,Tyler Allgeier,ATL,2024,13,0,1,00-0029604,0,LAC,0.4878048780487805,Healthy,,,27.5,-0.25,0.25,0.0,,,,,,429.0,56.0,2.0,0.0,0.5294,0.5556,
00-0037267,RB,Jerome Ford,CLE,2024,13,0,0,00-0031503,0,DEN,0.303030303030303,Healthy,,,11.333333333333334,13.0,0.0,0.0,,,,,,298.0,126.0,1.0,0.0,0.5763,0.2,
00-0037276,RB,Ty Chandler,MIN,2024,13,0,1,00-0034869,0,ARI,0.6428571428571429,Healthy,,,18.0,0.0,0.0,0.0,,,,,,169.0,42.0,0.0,0.0,0.6056,0.16670000000000001,
00-0037277,TE,Teagan Quitoriano,HOU,2024,13,0,0,00-0039163,0,JAX,0.6062992125984252,Healthy,,,,,,,,,,,,,,,,0.5577000000000001,0.5714,
00-0037291,WR,Jalen Nailor,MIN,2024,13,0,1,00-0034869,0,ARI,0.6428571428571429,Healthy,,,-1.75,5.75,0.0,0.5,,,,,,-4.0,252.0,0.0,5.0,0.6056,0.16670000000000001,
00-0037292,TE,Andrew Ogletree,IND,2024,13,0,0,00-0026158,0,NE,0.5454545454545454,Healthy,,,0.0,3.3333333333333335,0.0,0.0,,,,,,0.0,66.0,0.0,1.0,0.46149999999999997,0.6667000000000001,
00-0037304,TE,Connor Heyward,PIT,2024,13,0,0,00-0029263,0,CIN,0.38167938931297707,Healthy,,,,,,,,,,,,0.0,29.0,0.0,1.0,0.5167,0.8571,
00-0037306,TE,John FitzPatrick,GB,2024,13,0,1,00-0036264,0,MIA,0.6296296296296297,Minor,,271.0,0.0,2.0,0.0,0.0,,,,2.0,163.0,0.0,2.0,0.0,0.0,0.6167,0.16670000000000001,
00-0037311,TE,Ko Kieft,TB,2024,13,0,0,00-0034855,0,CAR,0.6666666666666667,Healthy,,,,,,,,,,,,,,,,0.6315999999999999,0.4167,
00-0037327,QB,Skylar Thompson,MIA,2024,13,0,0,00-0036212,0,GB,0.37037037037037035,Healthy,,,,,,,,,,0.0,0.0,4.0,0.0,0.0,0.0,0.5397,0.5714,
00-0037387,WR,Jalen Virgil,BUF,2024,13,0,1,00-0034857,0,SF,0.7560975609756098,Healthy,,,,,,,,,,,,,,,,0.5254,0.8181999999999999,
00-0037429,RB,Raheem Blackshear,CAR,2024,13,0,1,00-0027973,0,TB,0.3333333333333333,Healthy,,,,,,,,,,,,,,,,0.45,0.6,
00-0037475,TE,Stone Smartt,LAC,2024,13,0,0,00-0036355,0,ATL,0.5121951219512195,Healthy,,,,,,,,,,,,0.0,41.0,0.0,0.0,0.45280000000000004,0.7,
00-0037487,WR,Deven Thompkins,CAR,2024,13,0,1,00-0027973,0,TB,0.3333333333333333,Healthy,,,-1.0,6.5,0.0,0.0,,,,,,-2.0,13.0,0.0,0.0,0.45,0.6,
00-0037525,RB,Jordan Mason,SF,2024,13,0,0,00-0037834,0,BUF,0.24390243902439024,Healthy,,,11.0,1.25,0.0,0.0,,,,,,711.0,91.0,3.0,0.0,0.5536,0.7273000000000001,
00-0037539,TE,Lucas Krull,DEN,2024,13,0,1,00-0039732,0,CLE,0.696969696969697,Healthy,,,0.0,10.5,0.0,0.0,,,,,,0.0,96.0,0.0,0.0,0.7111,0.75,
00-0037557,RB,Ronnie Rivers,LA,2024,13,0,0,00-0026498,0,NO,0.5535714285714286,Healthy,,,,,,,,,,,,51.0,0.0,0.0,0.0,0.5106,0.5714,
00-0037569,TE,Peyton Hendershot,KC,2024,13,0,1,00-0033873,0,LV,0.875,Healthy,,,0.0,8.666666666666666,0.0,0.0,,,,,,0.0,26.0,0.0,0.0,0.625,0.6923,
00-0037594,RB,Julius Chestnut,TEN,2024,13,0,0,00-0034771,0,WAS,0.28985507246376807,Healthy,,,12.5,1.0,0.0,0.0,,,,,,74.0,11.0,0.0,0.0,0.5667,0.6,
00-0037614,WR,John Metchie III,HOU,2024,13,0,0,00-0039163,0,JAX,0.6062992125984252,Healthy,,,0.0,28.25,0.0,0.25,,,,,,0.0,149.0,0.0,1.0,0.5577000000000001,0.5714,
00-0037617,RB,Hassan Haskins,LAC,2024,13,0,0,00-0036355,0,ATL,0.5121951219512195,Healthy,,,2.6666666666666665,0.0,0.3333333333333333,0.0,,,,,,26.0,0.0,1.0,0.0,0.45280000000000004,0.7,
00-0037654,TE,Tucker Fisk,LAC,2024,13,0,0,00-0036355,0,ATL,0.5121951219512195,Healthy,,,0.0,6.5,0.0,0.0,,,,,,0.0,13.0,0.0,0.0,0.45280000000000004,0.7,
00-0037664,WR,Alec Pierce,IND,2024,13,0,0,00-0026158,0,NE,0.5454545454545454,Healthy,,,0.0,58.75,0.0,0.25,,,,,,0.0,629.0,0.0,4.0,0.46149999999999997,0.6667000000000001,
00-0037666,WR,Jalen Tolbert,DAL,2024,13,0,1,00-0033662,0,NYG,0.6296296296296297,Healthy,,,0.0,19.0,0.0,0.5,,,,,,0.0,410.0,0.0,4.0,0.6102000000000001,0.6429,
00-0037740,WR,Garrett Wilson,NYJ,2024,13,0,1,00-0023459,0,SEA,0.4672897196261682,Healthy,,,0.0,65.5,0.0,0.5,,,,,,5.0,722.0,0.0,5.0,0.6071,0.375,
00-0037741,WR,Jahan Dotson,PHI,2024,13,0,0,00-0036389,0,BAL,0.3921568627450981,Healthy,,,0.0,18.75,0.0,0.0,,,,,,13.0,110.0,0.0,0.0,0.42310000000000003,0.5556,
00-0037744,TE,Trey McBride,ARI,2024,13,0,0,00-0035228,0,MIN,0.3571428571428571,Healthy,,,0.5,90.75,0.25,0.0,,,,,,2.0,685.0,1.0,0.0,0.54,0.8,
00-0037746,RB,Brian Robinson,WAS,2024,13,0,1,00-0032268,0,TEN,0.7101449275362319,Healthy,,,38.0,10.0,0.5,0.0,,,,,,537.0,99.0,7.0,0.0,0.377,0.6364,
00-0037801,WR,KaVontae Turpin,DAL,2024,13,0,1,00-0033662,0,NYG,0.6296296296296297,Healthy,,,0.0,43.333333333333336,0.0,0.3333333333333333,,,,,,14.0,275.0,0.0,2.0,0.6102000000000001,0.6429,
00-0037805,TE,Jeremy Ruckert,NYJ,2024,13,0,1,00-0023459,0,SEA,0.4672897196261682,Healthy,,,0.0,10.25,0.0,0.0,,,,,,0.0,73.0,0.0,0.0,0.6071,0.375,
00-0037809,TE,Chig Okonkwo,TEN,2024,13,0,0,00-0034771,0,WAS,0.28985507246376807,Healthy,,,0.0,35.25,0.0,0.25,,,,,,0.0,262.0,0.0,2.0,0.5667,0.6,
00-0037816,WR,Romeo Doubs,GB,2024,13,0,1,00-0036264,0,MIA,0.6296296296296297,Minor,,,0.0,42.75,0.0,0.0,,,,,,0.0,483.0,0.0,2.0,0.6167,0.16670000000000001,
00-0037834,QB,Brock Purdy,SF,2024,13,0,0,00-0037834,0,BUF,0.24390243902439024,Healthy,,,37.666666666666664,0.0,0.6666666666666666,0.0,,,,0.0,0.0,267.0,0.0,4.0,0.0,0.5536,0.7273000000000001,
00-0037837,WR,Calvin Austin III,PIT,2024,13,0,0,00-0029263,0,CIN,0.38167938931297707,Healthy,,,0.0,37.75,0.0,0.5,,,,,,0.0,354.0,0.0,3.0,0.5167,0.8571,
00-0037838,TE,Isaiah Likely,BAL,2024,13,0,1,00-0034796,0,PHI,0.6078431372549019,Healthy,,,0.0,37.5,0.0,0.0,,,,,,0.0,346.0,0.0,3.0,0.65,0.5,
00-0037840,RB,Kyren Williams,LA,2024,13,0,0,00-0026498,0,NO,0.5535714285714286,Healthy,,,72.25,11.5,0.25,0.0,,,,,,822.0,136.0,9.0,2.0,0.5106,0.5714,
00-0038040,RB,Zamir White,LV,2024,13,0,0,00-0035289,0,KC,0.125,Minor,,,6.0,0.0,0.3333333333333333,0.0,,,,,,183.0,30.0,1.0,0.0,0.5088,0.5,
00-0038041,TE,Jake Ferguson,DAL,2024,13,0,1,00-0033662,0,NYG,0.6296296296296297,Minor,,,0.0,35.333333333333336,0.0,0.0,,,,,,0.0,369.0,0.0,0.0,0.6102000000000001,0.6429,
00-0038046,TE,Charlie Kolar,BAL,2024,13,0,1,00-0034796,0,PHI,0.6078431372549019,Healthy,,,0.0,5.0,0.0,0.0,,,,,,2.0,131.0,0.0,1.0,0.65,0.5,
00-0038098,RB,Pierre Strong,CLE,2024,13,0,0,00-0031503,0,DEN,0.303030303030303,Healthy,,,4.333333333333333,1.0,0.0,0.0,,,,,,69.0,77.0,0.0,0.0,0.5763,0.2,
00-0038102,QB,Kenny Pickett,PHI,2024,13,0,0,00-0036389,0,BAL,0.3921568627450981,Healthy,,,-0.5,0.0,0.0,0.0,,,,0.0,0.0,-1.0,0.0,0.0,0.0,0.42310000000000003,0.5556,
00-0038108,QB,Bailey Zappe,CLE,2024,13,0,0,00-0031503,0,DEN,0.303030303030303,Healthy,,,,,,,,,,0.0,0.0,,,,,0.5763,0.2,
00-0038115,TE,Daniel Bellinger,NYG,2024,13,0,0,00-0038476,0,DAL,0.37037037037037035,Healthy,,,,,,,,,,,,0.0,31.0,0.0,0.0,0.5962,0.7273000000000001,
00-0038117,WR,Wan'Dale Robinson,NYG,2024,13,0,0,00-0038476,0,DAL,0.37037037037037035,Healthy,,,0.0,34.5,0.0,0.0,,,,,,18.0,441.0,0.0,2.0,0.5962,0.7273000000000001,
00-0038120,RB,Breece Hall,NYJ,2024,13,0,1,00-0023459,0,SEA,0.4672897196261682,Healthy,,,71.0,23.5,0.25,0.25,,,,,,632.0,401.0,4.0,2.0,0.6071,0.375,
00-0038122,QB,Desmond Ridder,LV,2024,13,0,0,00-0035289,0,KC,0.125,Healthy,,,2.5,0.0,0.0,0.0,,,,0.0,0.0,5.0,0.0,0.0,0.0,0.5088,0.5,
00-0038124,WR,Christian Watson,GB,2024,13,0,1,00-0036264,0,MIA,0.6296296296296297,Healthy,,,1.0,56.5,0.0,0.0,,,,,,0.0,383.0,0.0,2.0,0.6167,0.16670000000000001,
00-0038128,QB,Malik Willis,GB,2024,13,0,1,00-0036264,0,MIA,0.6296296296296297,Healthy,,,23.0,0.0,0.0,0.0,,,,0.0,0.0,137.0,0.0,1.0,0.0,0.6167,0.16670000000000001,
00-0038129,TE,Cade Otton,TB,2024,13,0,0,00-0034855,0,CAR,0.6666666666666667,Healthy,,,0.0,55.75,0.0,0.75,,,,,,-4.0,486.0,0.0,4.0,0.6315999999999999,0.4167,
00-0038134,RB,Kenneth Walker III,SEA,2024,13,0,0,00-0030565,0,NYJ,0.5327102803738317,Healthy,,,47.5,28.5,0.25,0.0,,,,,,493.0,274.0,7.0,1.0,0.48979999999999996,0.6154,
00-0038359,WR,Xavier Smith,LA,2024,13,0,0,00-0026498,0,NO,0.5535714285714286,Healthy,,,,,,,,,,,,30.0,6.0,0.0,0.0,0.5106,0.5714,
00-0038389,RB,Israel Abanikanda,NYJ,2024,13,0,1,00-0023459,0,SEA,0.4672897196261682,Healthy,,,,,,,,,,,,,,,,0.6071,0.375,
00-0038393,WR,Dontayvion Wicks,GB,2024,13,0,1,00-0036264,0,MIA,0.6296296296296297,Healthy,,,0.0,9.0,0.0,0.0,,,,,,0.0,217.0,0.0,4.0,0.6167,0.16670000000000001,
00-0038394,TE,Will Mallory,IND,2024,13,0,0,00-0026158,0,NE,0.5454545454545454,Healthy,,,0.0,10.0,0.0,0.0,,,,,,0.0,22.0,0.0,0.0,0.46149999999999997,0.6667000000000001,
00-0038396,RB,Eric Gray,NYG,2024,13,0,0,00-0038476,0,DAL,0.37037037037037035,Healthy,,,-0.5,5.0,0.0,0.0,,,,,,25.0,76.0,0.0,0.0,0.5962,0.7273000000000001,
00-0038400,QB,Tanner McKee,PHI,2024,13,0,0,00-0036389,0,BAL,0.3921568627450981,Healthy,,,,,,,,,,0.0,0.0,,,,,0.42310000000000003,0.5556,
00-0038416,QB,Tyson Bagent,CHI,2024,13,0,0,00-0039918,0,DET,0.18518518518518523,Healthy,,,,,,,,,,0.0,0.0,-7.0,0.0,0.0,0.0,0.6563,0.2857,
00-0038454,RB,Keaton Mitchell,BAL,2024,13,0,1,00-0034796,0,PHI,0.6078431372549019,Healthy,,,,,,,,,,,,,,,,0.65,0.5,
00-0038456,TE,Travis Vokolek,ARI,2024,13,0,0,00-0035228,0,MIN,0.3571428571428571,Healthy,,,,,,,,,,,,,,,,0.54,0.8,
00-0038465,WR,Malik Heath,GB,2024,13,0,1,00-0036264,0,MIA,0.6296296296296297,Healthy,,,0.0,15.0,0.0,1.0,,,,,,0.0,41.0,0.0,1.0,0.6167,0.16670000000000001,
00-0038476,QB,Tommy DeVito,NYG,2024,13,0,0,00-0038476,0,DAL,0.37037037037037035,Minor,,,32.0,0.0,0.0,0.0,,,,0.0,0.0,32.0,0.0,0.0,0.0,0.5962,0.7273000000000001,
00-0038477,WR,Bryce Ford-Wheaton,NYG,2024,13,0,0,00-0038476,0,DAL,0.37037037037037035,Healthy,,,,,,,,,,,,0.0,0.0,0.0,0.0,0.5962,0.7273000000000001,
00-0038488,TE,Brady Russell,SEA,2024,13,0,0,00-0030565,0,NYJ,0.5327102803738317,Healthy,,,,,,,,,,,,,,,,0.48979999999999996,0.6154,
00-0038496,WR,Xavier Gipson,NYJ,2024,13,0,1,00-0023459,0,SEA,0.4672897196261682,Healthy,,,0.0,6.0,0.0,0.3333333333333333,,,,,,0.0,40.0,0.0,1.0,0.6071,0.375,
00-0038542,RB,Bijan Robinson,ATL,2024,13,0,1,00-0029604,0,LAC,0.4878048780487805,Healthy,,,75.0,39.5,0.5,0.25,,,,,,783.0,359.0,6.0,1.0,0.5294,0.5556,
00-0038543,WR,Jaxon Smith-Njigba,SEA,2024,13,0,0,00-0030565,0,NYJ,0.5327102803738317,Healthy,,,2.0,109.0,0.0,0.75,,,,,,8.0,755.0,0.0,4.0,0.48979999999999996,0.6154,
00-0038544,WR,Quentin Johnston,LAC,2024,13,0,0,00-0036355,0,ATL,0.5121951219512195,Healthy,,,0.5,47.5,0.0,0.75,,,,,,6.0,354.0,0.0,6.0,0.45280000000000004,0.7,
00-0038547,TE,Luke Schoonmaker,DAL,2024,13,0,1,00-0033662,0,NYG,0.6296296296296297,Healthy,,,0.0,37.0,0.0,0.3333333333333333,,,,,,0.0,167.0,0.0,1.0,0.6102000000000001,0.6429,
00-0038550,QB,Hendon Hooker,DET,2024,13,0,1,00-0033106,0,CHI,0.8148148148148148,Healthy,,,3.0,0.0,0.0,0.0,,,,0.0,0.0,2.0,0.0,0.0,0.0,0.6889,0.4118,
00-0038555,RB,Tank Bigsby,JAX,2024,13,0,1,00-0036972,0,HOU,0.3937007874015748,Healthy,,,34.666666666666664,2.6666666666666665,0.0,0.0,,,,,,519.0,36.0,4.0,0.0,0.5574,0.6,
00-0038558,TE,Darnell Washington,PIT,2024,13,0,0,00-0029263,0,CIN,0.38167938931297707,Healthy,,,0.0,22.75,0.0,0.0,,,,,,0.0,182.0,0.0,1.0,0.5167,0.8571,
00-0038559,WR,Michael Wilson,ARI,2024,13,0,0,00-0035228,0,MIN,0.3571428571428571,Healthy,,,0.0,27.25,0.0,0.25,,,,,,0.0,361.0,0.0,3.0,0.54,0.8,
00-0038563,WR,Tre Tucker,LV,2024,13,0,0,00-0035289,0,KC,0.125,Minor,,,3.5,35.25,0.0,0.0,,,,,,36.0,367.0,1.0,1.0,0.5088,0.5,
00-0038573,WR,Derius Davis,LAC,2024,13,0,0,00-0036355,0,ATL,0.5121951219512195,Healthy,,,4.0,11.666666666666666,0.0,0.0,,,,,,43.0,43.0,0.0,0.0,0.45280000000000004,0.7,
00-0038576,WR,Charlie Jones,CIN,2024,13,0,1,00-0036442,0,PIT,0.6183206106870229,Healthy,,,,,,,,,,,,0.0,5.0,0.0,0.0,0.4717,0.8889,
00-0038582,QB,Clayton Tune,ARI,2024,13,0,0,00-0035228,0,MIN,0.3571428571428571,Healthy,,,-1.0,0.0,0.0,0.0,,,,0.0,0.0,-5.0,0.0,0.0,0.0,0.54,0.8,
00-0038583,QB,Dorian Thompson-Robinson,CLE,2024,13,0,0,00-0031503,0,DEN,0.303030303030303,Healthy,,,0.0,0.0,0.0,0.0,,,,0.0,0.0,44.0,0.0,0.0,0.0,0.5763,0.2,
00-0038589,TE,Josh Whyle,TEN,2024,13,0,0,00-0034771,0,WAS,0.28985507246376807,Healthy,,,0.0,6.0,0.0,0.0,,,,,,0.0,148.0,0.0,0.0,0.5667,0.6,
00-0038590,TE,Justin Shorter,LV,2024,13,0,0,00-0035289,0,KC,0.125,Healthy,,,,,,,,,,,,,,,,0.5088,0.5,
00-0038597,RB,Chase Brown,CIN,2024,13,0,1,00-0036442,0,PIT,0.6183206106870229,Healthy,,,70.0,37.0,0.5,0.25,,,,,,607.0,207.0,5.0,2.0,0.4717,0.8889,
00-0038606,WR,Parker Washington,JAX,2024,13,0,1,00-0036972,0,HOU,0.3937007874015748,Healthy,,,0.0,32.333333333333336,0.0,0.0,,,,,,0.0,118.0,0.0,0.0,0.5574,0.6,
00-0038608,WR,Kayshon Boutte,NE,2024,13,0,1,00-0039851,0,IND,0.45454545454545453,Healthy,,,0.0,26.0,0.0,0.0,,,,,,0.0,289.0,0.0,1.0,0.5577000000000001,0.6364,
00-0038614,RB,Scott Matlock,LAC,2024,13,0,0,00-0036355,0,ATL,0.5121951219512195,Healthy,,,,,,,,,,,,0.0,16.0,0.0,0.0,0.45280000000000004,0.7,
00-0038618,WR,Xavier Hutchinson,HOU,2024,13,0,0,00-0039163,0,JAX,0.6062992125984252,Healthy,,,0.0,2.0,0.0,0.0,,,,,,0.0,70.0,0.0,0.0,0.5577000000000001,0.5714,
00-0038619,WR,Andrei Iosivas,CIN,2024,13,0,1,00-0036442,0,PIT,0.6183206106870229,Healthy,,,0.0,21.25,0.0,0.25,,,,,,0.0,274.0,0.0,4.0,0.4717,0.8889,
00-0038621,WR,Demario Douglas,NE,2024,13,0,1,00-0039851,0,IND,0.45454545454545453,Healthy,,,0.25,51.5,0.0,0.0,,,,,,10.0,477.0,0.0,1.0,0.5577000000000001,0.6364,
00-0038622,RB,Deuce Vaughn,DAL,2024,13,0,1,00-0033662,0,NYG,0.6296296296296297,Healthy,,,13.0,4.0,0.0,0.0,,,,,,33.0,18.0,0.0,0.0,0.6102000000000001,0.6429,
00-0038636,RB,Kenny McIntosh,SEA,2024,13,0,0,00-0030565,0,NYJ,0.5327102803738317,Healthy,,,,,,,,,,,,16.0,0.0,0.0,0.0,0.48979999999999996,0.6154,
00-0038640,WR,Jalen Brooks,DAL,2024,13,0,1,00-0033662,0,NYG,0.6296296296296297,Healthy,,,0.0,23.666666666666668,0.0,0.0,,,,,,0.0,148.0,0.0,0.0,0.6102000000000001,0.6429,
00-0038643,TE,Brayden Willis,SF,2024,13,0,0,00-0037834,0,BUF,0.24390243902439024,Healthy,,,,,,,,,,,,,,,,0.5536,0.7273000000000001,
00-0038647,WR,Ronnie Bell,SF,2024,13,0,0,00-0037834,0,BUF,0.24390243902439024,Healthy,,,0.0,0.0,0.0,0.0,,,,,,0.0,22.0,0.0,0.0,0.5536,0.7273000000000001,
00-0038678,RB,Jordan Mims,NO,2024,13,0,1,00-0031280,0,LA,0.44642857142857145,Healthy,,,8.666666666666666,9.666666666666666,0.0,0.0,,,,,,42.0,42.0,0.0,0.0,0.5686,0.46149999999999997,
00-0038685,RB,Chris Brooks,GB,2024,13,0,1,00-0036264,0,MIA,0.6296296296296297,Healthy,,,10.0,14.25,0.0,0.0,,,,,,64.0,57.0,0.0,0.0,0.6167,0.16670000000000001,
00-0038705,RB,Emari Demercado,ARI,2024,13,0,0,00-0035228,0,MIN,0.3571428571428571,Healthy,,,23.75,5.25,0.25,0.0,,,,,,211.0,86.0,1.0,0.0,0.54,0.8,
00-0038720,TE,Julian Hill,MIA,2024,13,0,0,00-0036212,0,GB,0.37037037037037035,Minor,,,0.0,12.0,0.0,0.0,,,,,,0.0,81.0,0.0,0.0,0.5397,0.5714,
00-0038738,RB,Hunter Luepke,DAL,2024,13,0,1,00-0033662,0,NYG,0.6296296296296297,Minor,,,1.6666666666666667,4.666666666666667,0.0,0.0,,,,,,19.0,105.0,0.0,0.0,0.6102000000000001,0.6429,
00-0038752,WR,Jake Bobo,SEA,2024,13,0,0,00-0030565,0,NYJ,0.5327102803738317,Healthy,,,0.0,7.666666666666667,0.0,0.0,,,,,,0.0,89.0,0.0,0.0,0.48979999999999996,0.6154,
00-0038783,TE,Nate Adkins,DEN,2024,13,0,1,00-0039732,0,CLE,0.696969696969697,Healthy,,,0.0,12.0,0.0,1.0,,,,,,0.0,34.0,0.0,2.0,0.7111,0.75,
00-0038794,RB,Jaleel McLaughlin,DEN,2024,13,0,1,00-0039732,0,CLE,0.696969696969697,Healthy,,,21.25,2.5,0.0,0.0,,,,,,283.0,47.0,1.0,2.0,0.7111,0.75,
00-0038797,RB,Emanuel Wilson,GB,2024,13,0,1,00-0036264,0,MIA,0.6296296296296297,Healthy,,,22.75,-0.25,0.25,0.0,,,,,,312.0,46.0,1.0,1.0,0.6167,0.16670000000000001,
00-0038809,TE,Ben Sims,GB,2024,13,0,1,00-0036264,0,MIA,0.6296296296296297,Healthy,,,0.0,0.0,0.0,0.0,,,,,,0.0,40.0,0.0,0.0,0.6167,0.16670000000000001,
00-0038821,WR,Rakim Jarrett,TB,2024,13,0,0,00-0034855,0,CAR,0.6666666666666667,Healthy,,,0.0,26.75,0.0,0.0,,,,,,0.0,107.0,0.0,0.0,0.6315999999999999,0.4167,
00-0038824,WR,Ryan Miller,TB,2024,13,0,0,00-0034855,0,CAR,0.6666666666666667,Healthy,,,0.0,11.25,0.0,0.25,,,,,,0.0,84.0,0.0,1.0,0.6315999999999999,0.4167,
00-0038933,TE,Dalton Kincaid,BUF,2024,13,0,1,00-0034857,0,SF,0.7560975609756098,Healthy,,,0.0,29.0,0.0,0.3333333333333333,,,,,,0.0,356.0,0.0,2.0,0.5254,0.8181999999999999,
00-0038935,TE,Brenton Strange,JAX,2024,13,0,1,00-0036972,0,HOU,0.3937007874015748,Healthy,,,0.0,30.0,0.0,0.0,,,,,,0.0,221.0,0.0,2.0,0.5574,0.6,
00-0038938,WR,Jalin Hyatt,NYG,2024,13,0,0,00-0038476,0,DAL,0.37037037037037035,Healthy,,,0.0,39.0,0.0,0.0,,,,,,0.0,45.0,0.0,0.0,0.5962,0.7273000000000001,
00-0038941,WR,Tyler Scott,CHI,2024,13,0,0,00-0039918,0,DET,0.18518518518518523,Healthy,,,,,,,,,,,,,,,,0.6563,0.2857,
00-0038951,RB,Sean Tucker,TB,2024,13,0,0,00-0034855,0,CAR,0.6666666666666667,Healthy,,,5.666666666666667,8.333333333333334,0.3333333333333333,0.0,,,,,,189.0,104.0,2.0,1.0,0.6315999999999999,0.4167,
00-0038976,WR,Marvin Mims Jr.,DEN,2024,13,0,1,00-0039732,0,CLE,0.696969696969697,Healthy,,,4.75,27.5,0.0,0.25,,,,,,36.0,162.0,0.0,1.0,0.7111,0.75,
00-0038977,WR,Tank Dell,HOU,2024,13,0,0,00-0039163,0,JAX,0.6062992125984252,Healthy,,,-0.5,72.75,0.0,0.0,,,,,,28.0,520.0,0.0,2.0,0.5577000000000001,0.5714,
00-0038979,WR,Cedric Tillman,CLE,2024,13,0,0,00-0031503,0,DEN,0.303030303030303,Healthy,,,0.0,62.25,0.0,0.75,,,,,,-5.0,339.0,0.0,3.0,0.5763,0.2,
00-0038994,WR,Jordan Addison,MIN,2024,13,0,1,00-0034869,0,ARI,0.6428571428571429,Healthy,,,3.25,72.5,0.0,0.75,,,,,,20.0,521.0,1.0,4.0,0.6056,0.16670000000000001,
00-0038996,TE,Tucker Kraft,GB,2024,13,0,1,00-0036264,0,MIA,0.6296296296296297,Healthy,,,0.5,34.5,0.0,0.5,,,,,,4.0,402.0,0.0,6.0,0.6167,0.16670000000000001,
00-0038997,WR,Josh Downs,IND,2024,13,0,0,00-0026158,0,NE,0.5454545454545454,Healthy,,,0.0,60.75,0.0,0.25,,,,,,-1.0,594.0,0.0,4.0,0.46149999999999997,0.6667000000000001,
00-0038998,QB,Jake Haener,NO,2024,13,0,1,00-0031280,0,LA,0.44642857142857145,Healthy,,,4.0,0.0,0.0,0.0,,,,0.0,0.0,16.0,0.0,0.0,0.0,0.5686,0.46149999999999997,
00-0039021,RB,Roschon Johnson,CHI,2024,13,0,0,00-0039918,0,DET,0.18518518518518523,Healthy,,,11.0,7.75,0.5,0.0,,,,,,139.0,88.0,6.0,0.0,0.6563,0.2857,
00-0039032,RB,Tyjae Spears,TEN,2024,13,0,0,00-0034771,0,WAS,0.28985507246376807,Healthy,,,23.5,6.0,0.0,0.0,,,,,,161.0,88.0,1.0,0.0,0.5667,0.6,
00-0039040,RB,De'Von Achane,MIA,2024,13,0,0,00-0036212,0,GB,0.37037037037037035,Healthy,,,51.25,32.25,0.5,0.75,,,,,,562.0,373.0,3.0,5.0,0.5397,0.5714,
00-0039041,TE,Elijah Higgins,ARI,2024,13,0,0,00-0035228,0,MIN,0.3571428571428571,Healthy,,,0.0,16.25,0.0,0.0,,,,,,0.0,121.0,0.0,2.0,0.54,0.8,
00-0039050,TE,Payne Durham,TB,2024,13,0,0,00-0034855,0,CAR,0.6666666666666667,Healthy,,,0.0,26.0,0.0,0.0,,,,,,0.0,34.0,0.0,0.0,0.6315999999999999,0.4167,
00-0039052,WR,Trey Palmer,TB,2024,13,0,0,00-0034855,0,CAR,0.6666666666666667,Healthy,,,0.0,20.0,0.0,0.0,,,,,,0.0,141.0,0.0,1.0,0.6315999999999999,0.4167,
00-0039062,WR,Jonathan Mingo,DAL,2024,13,0,1,00-0033662,0,NYG,0.6296296296296297,Healthy,,,0.0,2.6666666666666665,0.0,0.0,,,,,,5.0,129.0,0.0,0.0,0.6102000000000001,0.6429,
00-0039064,WR,Zay Flowers,BAL,2024,13,0,1,00-0034796,0,PHI,0.6078431372549019,Healthy,,,0.0,65.5,0.0,0.75,,,,,,47.0,789.0,0.0,4.0,0.65,0.5,
00-0039065,TE,Sam LaPorta,DET,2024,13,0,1,00-0033106,0,CHI,0.8148148148148148,Healthy,,,0.0,37.666666666666664,0.0,0.3333333333333333,,,,,,0.0,385.0,0.0,3.0,0.6889,0.4118,
00-0039066,TE,Michael Mayer,LV,2024,13,0,0,00-0035289,0,KC,0.125,Healthy,,,0.0,8.0,0.0,0.0,,,,,,0.0,37.0,0.0,0.0,0.5088,0.5,
00-0039074,TE,Davis Allen,LA,2024,13,0,0,00-0026498,0,NO,0.5535714285714286,Healthy,,,0.0,13.0,0.0,0.0,,,,,,0.0,39.0,0.0,0.0,0.5106,0.5714,
00-0039075,WR,Puka Nacua,LA,2024,13,0,0,00-0026498,0,NO,0.5535714285714286,Healthy,,,0.0,87.25,0.0,0.25,,,,,,12.0,490.0,0.0,1.0,0.5106,0.5714,
00-0039107,QB,Stetson Bennett,LA,2024,13,0,0,00-0026498,0,NO,0.5535714285714286,Healthy,,,,,,,,,,0.0,0.0,,,,,0.5106,0.5714,
00-0039139,RB,Jahmyr Gibbs,DET,2024,13,0,1,00-0033106,0,CHI,0.8148148148148148,Healthy,,,73.75,27.75,1.0,0.0,,,,,,886.0,245.0,10.0,0.0,0.6889,0.4118,
00-0039146,WR,Jayden Reed,GB,2024,13,0,1,00-0036264,0,MIA,0.6296296296296297,Healthy,,,-1.25,54.25,0.0,0.25,,,,,,105.0,669.0,1.0,4.0,0.6167,0.16670000000000001,
00-0039150,QB,Bryce Young,CAR,2024,13,0,1,00-0027973,0,TB,0.3333333333333333,Healthy,,,16.25,0.0,0.0,0.0,,,,0.0,0.0,91.0,0.0,1.0,0.0,0.45,0.6,
00-0039152,QB,Will Levis,TEN,2024,13,0,0,00-0034771,0,WAS,0.28985507246376807,Healthy,,,23.0,0.0,0.0,0.0,,,,0.0,0.0,175.0,0.0,0.0,0.0,0.5667,0.6,
00-0039163,QB,C.J. Stroud,HOU,2024,13,0,0,00-0039163,0,JAX,0.6062992125984252,Healthy,,,27.0,0.0,0.0,0.0,,,,0.0,0.0,192.0,0.0,0.0,0.0,0.5577000000000001,0.5714,
00-0039164,QB,Anthony Richardson,IND,2024,13,0,0,00-0026158,0,NE,0.5454545454545454,Healthy,,,46.5,0.0,1.0,0.0,,,,0.0,0.0,335.0,0.0,3.0,0.0,0.46149999999999997,0.6667000000000001,
00-0039165,RB,Zach Charbonnet,SEA,2024,13,0,0,00-0030565,0,NYJ,0.5327102803738317,Healthy,,,9.25,11.75,0.25,0.0,,,,,,238.0,191.0,4.0,1.0,0.48979999999999996,0.6154,
00-0039236,WR,Johnny Wilson,PHI,2024,13,1,0,00-0036389,0,BAL,0.3921568627450981,Healthy,,,0.0,2.5,0.0,0.5,,,,,,0.0,14.0,0.0,1.0,0.42310000000000003,0.5556,
00-0039306,WR,Dee Williams,SEA,2024,13,1,0,00-0030565,0,NYJ,0.5327102803738317,Healthy,,,,,,,,,,,,,,,,0.48979999999999996,0.6154,
00-0039308,RB,TaMerik Williams,SEA,2024,13,1,0,00-0030565,0,NYJ,0.5327102803738317,Healthy,,,,,,,,,,,,,,,,0.48979999999999996,0.6154,
00-0039325,RB,Carson Steele,KC,2024,13,1,1,00-0033873,0,LV,0.875,Healthy,,,4.5,3.5,0.0,0.0,,,,,,158.0,24.0,0.0,0.0,0.625,0.6923,
00-0039337,WR,Malik Nabers,NYG,2024,13,1,0,00-0038476,0,DAL,0.37037037037037035,Healthy,,,-0.5,61.0,0.0,0.0,,,,,,-2.0,671.0,0.0,3.0,0.5962,0.7273000000000001,
00-0039338,TE,Brock Bowers,LV,2024,13,1,0,00-0035289,0,KC,0.125,Healthy,,,-0.75,66.75,0.0,0.5,,,,,,9.0,744.0,0.0,3.0,0.5088,0.5,
00-0039342,WR,Xavier Legette,CAR,2024,13,1,1,00-0027973,0,TB,0.3333333333333333,Healthy,,,1.5,40.75,0.0,0.5,,,,,,22.0,340.0,0.0,4.0,0.45,0.6,
00-0039344,RB,Jonathon Brooks,CAR,2024,13,1,1,00-0027973,0,TB,0.3333333333333333,Healthy,,,7.0,0.0,0.0,0.0,,,,,,7.0,0.0,0.0,0.0,0.45,0.6,
00-0039355,WR,Luke McCaffrey,WAS,2024,13,1,1,00-0032268,0,TEN,0.7101449275362319,Healthy,,,0.0,10.333333333333334,0.0,0.0,,,,,,0.0,142.0,0.0,0.0,0.377,0.6364,
00-0039356,TE,Ja'Tavion Sanders,CAR,2024,13,1,1,00-0027973,0,TB,0.3333333333333333,Healthy,,,0.0,37.75,0.0,0.25,,,,,,0.0,302.0,0.0,1.0,0.45,0.6,
00-0039359,TE,Cade Stover,HOU,2024,13,1,0,00-0039163,0,JAX,0.6062992125984252,Healthy,,,0.0,10.75,0.0,0.25,,,,,,0.0,128.0,0.0,1.0,0.5577000000000001,0.5714,
00-0039361,RB,Bucky Irving,TB,2024,13,1,0,00-0034855,0,CAR,0.6666666666666667,Healthy,,,57.0,32.0,0.5,0.0,,,,,,579.0,252.0,5.0,0.0,0.6315999999999999,0.4167,
00-0039363,RB,Isaac Guerendo,SF,2024,13,1,0,00-0037834,0,BUF,0.24390243902439024,Healthy,,,42.5,8.5,0.5,0.0,,,,,,227.0,22.0,1.0,0.0,0.5536,0.7273000000000001,
00-0039364,RB,Sione Vaki,DET,2024,13,1,1,00-0033106,0,CHI,0.8148148148148148,Healthy,,,9.0,0.0,0.0,0.0,,,,,,14.0,17.0,0.0,0.0,0.6889,0.4118,
00-0039365,WR,Jacob Cowing,SF,2024,13,1,0,00-0037834,0,BUF,0.24390243902439024,Healthy,,,,,,,,,,,,0.0,50.0,0.0,0.0,0.5536,0.7273000000000001,
00-0039373,RB,Audric Estim,DEN,2024,13,1,1,00-0039732,0,CLE,0.696969696969697,Healthy,,,29.75,2.25,0.0,0.0,,,,,,179.0,9.0,0.0,0.0,0.7111,0.75,
00-0039376,QB,Spencer Rattler,NO,2024,13,1,1,00-0031280,0,LA,0.44642857142857145,Healthy,,,0.0,0.0,0.0,0.0,,,,0.0,0.0,61.0,0.0,0.0,0.0,0.5686,0.46149999999999997,
00-0039379,WR,Jamari Thrash,CLE,2024,13,1,0,00-0031503,0,DEN,0.303030303030303,Healthy,,,0.0,11.0,0.0,0.0,,,,,,0.0,11.0,0.0,0.0,0.5763,0.2,
00-0039384,RB,Tyrone Tracy Jr.,NYG,2024,13,1,0,00-0038476,0,DAL,0.37037037037037035,Healthy,,,89.0,9.25,0.5,0.0,,,,,,587.0,145.0,3.0,0.0,0.5962,0.7273000000000001,
00-0039385,RB,Keilan Robinson,JAX,2024,13,1,1,00-0036972,0,HOU,0.3937007874015748,Healthy,,,,,,,,,,,,,,,,0.5574,0.6,
00-0039391,RB,Kimani Vidal,LAC,2024,13,1,0,00-0036355,0,ATL,0.5121951219512195,Healthy,,,7.0,0.0,0.0,0.0,,,,,,44.0,49.0,0.0,1.0,0.45280000000000004,0.7,
00-0039392,WR,Jha'Quan Jackson,TEN,2024,13,1,0,00-0034771,0,WAS,0.28985507246376807,Healthy,,,-5.0,8.0,0.0,0.0,,,,,,-5.0,8.0,0.0,0.0,0.5667,0.6,
00-0039393,RB,Jase McClellan,ATL,2024,13,1,1,00-0029604,0,LAC,0.4878048780487805,Healthy,,,15.0,0.0,0.0,0.0,,,,,,32.0,0.0,0.0,0.0,0.5294,0.5556,
00-0039394,WR,Casey Washington,ATL,2024,13,1,1,00-0029604,0,LAC,0.4878048780487805,Healthy,,,0.0,0.0,0.0,0.0,,,,,,0.0,14.0,0.0,0.0,0.5294,0.5556,
00-0039398,QB,Joe Milton III,NE,2024,13,1,1,00-0039851,0,IND,0.45454545454545453,Healthy,,,,,,,,,,0.0,0.0,,,,,0.5577000000000001,0.6364,
00-0039399,TE,Tanner McLachlan,CIN,2024,13,1,1,00-0036442,0,PIT,0.6183206106870229,Healthy,,,,,,,,,,,,,,,,0.4717,0.8889,
00-0039407,RB,Dylan Laube,LV,2024,13,1,0,00-0035289,0,KC,0.125,Healthy,,,,,,,,,,,,0.0,0.0,0.0,0.0,0.5088,0.5,
00-0039410,WR,Ryan Flournoy,DAL,2024,13,1,1,00-0033662,0,NYG,0.6296296296296297,Healthy,,,0.0,16.0,0.0,0.0,,,,,,0.0,44.0,0.0,0.0,0.6102000000000001,0.6429,
00-0039420,TE,Jaheim Bell,NE,2024,13,1,1,00-0039851,0,IND,0.45454545454545453,Healthy,,,0.0,0.5,0.0,0.0,,,,,,0.0,1.0,0.0,0.0,0.5577000000000001,0.6364,
00-0039424,WR,Devaughn Vele,DEN,2024,13,1,1,00-0039732,0,CLE,0.696969696969697,Healthy,,,0.0,49.0,0.0,0.25,,,,,,0.0,361.0,0.0,1.0,0.7111,0.75,
00-0039451,WR,Isaiah Williams,CIN,2024,13,1,1,00-0036442,0,PIT,0.6183206106870229,Healthy,,,0.0,6.0,0.0,0.0,,,,,,0.0,6.0,0.0,0.0,0.4717,0.8889,
00-0039482,QB,Gavin Hardison,MIA,2024,13,1,0,00-0036212,0,GB,0.37037037037037035,Healthy,,,,,,,,,,0.0,0.0,,,,,0.5397,0.5714,
00-0039491,WR,Jalen Coker,CAR,2024,13,1,1,00-0027973,0,TB,0.3333333333333333,Healthy,,,0.0,51.666666666666664,0.0,0.3333333333333333,,,,,,0.0,263.0,0.0,1.0,0.45,0.6,
00-0039521,WR,Xavier Weaver,ARI,2024,13,1,0,00-0035228,0,MIN,0.3571428571428571,Healthy,,,,,,,,,,,,0.0,0.0,0.0,0.0,0.54,0.8,
00-0039530,TE,Brevyn Spann-Ford,DAL,2024,13,1,1,00-0033662,0,NYG,0.6296296296296297,Healthy,,,0.0,33.0,0.0,0.0,,,,,,0.0,86.0,0.0,0.0,0.6102000000000001,0.6429,
00-0039543,WR,Ramel Keyton,LV,2024,13,1,0,00-0035289,0,KC,0.125,Healthy,,,0.0,3.5,0.0,0.0,,,,,,0.0,7.0,0.0,0.0,0.5088,0.5,
00-0039574,TE,Dylan Leonard,DEN,2024,13,1,1,00-0039732,0,CLE,0.696969696969697,Healthy,,,,,,,,,,,,,,,,0.7111,0.75,
00-0039613,TE,Dallin Holker,NO,2024,13,1,1,00-0031280,0,LA,0.44642857142857145,Healthy,,,,,,,,,,,,,,,,0.5686,0.46149999999999997,
00-0039623,WR,Mason Tipton,NO,2024,13,1,1,00-0031280,0,LA,0.44642857142857145,Healthy,,,0.0,7.0,0.0,0.0,,,,,,0.0,99.0,0.0,0.0,0.5686,0.46149999999999997,
00-0039631,TE,Cam Grandy,CIN,2024,13,1,1,00-0036442,0,PIT,0.6183206106870229,Healthy,,,0.0,0.0,0.0,0.0,,,,,,0.0,0.0,0.0,0.0,0.4717,0.8889,
00-0039648,TE,David Martin-Robinson,TEN,2024,13,1,0,00-0034771,0,WAS,0.28985507246376807,Healthy,,,,,,,,,,,,,,,,0.5667,0.6,
00-0039650,WR,Bryce Oliver,TEN,2024,13,1,0,00-0034771,0,WAS,0.28985507246376807,Healthy,,,0.0,28.0,0.0,0.0,,,,,,0.0,56.0,0.0,0.0,0.5667,0.6,
00-0039703,RB,Cody Schrader,LA,2024,13,1,0,00-0026498,0,NO,0.5535714285714286,Healthy,,,,,,,,,,,,,,,,0.5106,0.5714,
00-0039732,QB,Bo Nix,DEN,2024,13,1,1,00-0039732,0,CLE,0.696969696969697,Healthy,,,10.25,0.5,0.0,0.25,,,,0.0,0.0,300.0,2.0,4.0,1.0,0.7111,0.75,
00-0039737,TE,Tip Reiman,ARI,2024,13,1,0,00-0035228,0,MIN,0.3571428571428571,Healthy,,,,,,,,,,,,0.0,6.0,0.0,0.0,0.54,0.8,
00-0039738,RB,Blake Corum,LA,2024,13,1,0,00-0026498,0,NO,0.5535714285714286,Healthy,,,8.25,3.5,0.0,0.0,,,,,,106.0,31.0,0.0,0.0,0.5106,0.5714,
00-0039746,RB,Will Shipley,PHI,2024,13,1,0,00-0036389,0,BAL,0.3921568627450981,Healthy,,,34.0,0.0,0.0,0.0,,,,,,46.0,0.0,0.0,0.0,0.42310000000000003,0.5556,
00-0039747,WR,Ainias Smith,PHI,2024,13,1,0,00-0036389,0,BAL,0.3921568627450981,Healthy,,,1.0,3.0,0.0,0.0,,,,,,2.0,6.0,0.0,0.0,0.42310000000000003,0.5556,
00-0039751,WR,Jordan Whittington,LA,2024,13,1,0,00-0026498,0,NO,0.5535714285714286,Healthy,,,,,,,,,,,,0.0,201.0,0.0,0.0,0.5106,0.5714,
00-0039754,TE,Devin Culp,TB,2024,13,1,0,00-0034855,0,CAR,0.6666666666666667,Healthy,,,,,,,,,,,,,,,,0.6315999999999999,0.4167,
00-0039792,WR,Devontez Walker,BAL,2024,13,1,1,00-0034796,0,PHI,0.6078431372549019,Healthy,,,,,,,,,,,,,,,,0.65,0.5,
00-0039793,TE,AJ Barner,SEA,2024,13,1,0,00-0030565,0,NYJ,0.5327102803738317,Healthy,,,0.0,23.75,0.0,0.0,,,,,,0.0,166.0,0.0,1.0,0.48979999999999996,0.6154,
00-0039794,RB,Braelon Allen,NYJ,2024,13,1,1,00-0023459,0,SEA,0.4672897196261682,Healthy,,,18.5,1.75,0.25,0.0,,,,,,229.0,81.0,2.0,1.0,0.6071,0.375,
00-0039796,RB,Rasheen Ali,BAL,2024,13,1,1,00-0034796,0,PHI,0.6078431372549019,Healthy,,,,,,,,,,,,,,,,0.65,0.5,
00-0039798,RB,Isaiah Davis,NYJ,2024,13,1,1,00-0023459,0,SEA,0.4672897196261682,Healthy,,,0.0,10.0,0.0,0.0,,,,,,18.0,10.0,0.0,0.0,0.6071,0.375,
00-0039810,WR,Jermaine Burton,CIN,2024,13,1,1,00-0036442,0,PIT,0.6183206106870229,Healthy,,,0.0,20.0,0.0,0.0,,,,,,0.0,107.0,0.0,0.0,0.4717,0.8889,
00-0039816,WR,Anthony Gould,IND,2024,13,1,0,00-0026158,0,NE,0.5454545454545454,Healthy,,,,,,,,,,,,,,,,0.46149999999999997,0.6667000000000001,
00-0039847,TE,Theo Johnson,NYG,2024,13,1,0,00-0038476,0,DAL,0.37037037037037035,Minor,,,0.0,40.5,0.0,0.25,,,,,,0.0,277.0,0.0,1.0,0.5962,0.7273000000000001,
00-0039849,WR,Marvin Harrison Jr.,ARI,2024,13,1,0,00-0035228,0,MIN,0.3571428571428571,Healthy,,,0.0,61.5,0.0,0.5,,,,,,0.0,546.0,0.0,6.0,0.54,0.8,
00-0039851,QB,Drake Maye,NE,2024,13,1,1,00-0039851,0,IND,0.45454545454545453,Healthy,,,43.0,0.0,0.0,0.0,,,,0.0,0.0,286.0,0.0,1.0,0.0,0.5577000000000001,0.6364,
00-0039853,WR,Javon Baker,NE,2024,13,1,1,00-0039851,0,IND,0.45454545454545453,Healthy,,,0.0,0.0,0.0,0.0,,,,,,0.0,0.0,0.0,0.0,0.5577000000000001,0.6364,
00-0039855,WR,Jalen McMillan,TB,2024,13,1,0,00-0034855,0,CAR,0.6666666666666667,Healthy,,,8.5,23.0,0.0,0.0,,,,,,28.0,120.0,0.0,1.0,0.6315999999999999,0.4167,
00-0039868,WR,Troy Franklin,DEN,2024,13,1,1,00-0039732,0,CLE,0.696969696969697,Healthy,,,0.0,18.5,0.0,0.25,,,,,,8.0,190.0,0.0,2.0,0.7111,0.75,
00-0039874,RB,Jaylen Wright,MIA,2024,13,1,0,00-0036212,0,GB,0.37037037037037035,Healthy,,,13.25,0.5,0.0,0.0,,,,,,243.0,2.0,0.0,0.0,0.5397,0.5714,
00-0039875,RB,Ray Davis,BUF,2024,13,1,1,00-0034857,0,SF,0.7560975609756098,Healthy,,,16.5,17.5,0.0,0.25,,,,,,279.0,149.0,2.0,1.0,0.5254,0.8181999999999999,
00-0039880,WR,Malik Washington,MIA,2024,13,1,0,00-0036212,0,GB,0.37037037037037035,Healthy,,,9.0,7.25,0.25,0.0,,,,,,36.0,46.0,1.0,0.0,0.5397,0.5714,
00-0039890,WR,Adonai Mitchell,IND,2024,13,1,0,00-0026158,0,NE,0.5454545454545454,Healthy,,,0.5,34.0,0.0,0.0,,,,,,16.0,254.0,0.0,0.0,0.46149999999999997,0.6667000000000001,
00-0039893,WR,Brian Thomas Jr.,JAX,2024,13,1,1,00-0036972,0,HOU,0.3937007874015748,Healthy,,,1.0,44.0,0.0,0.25,,,,,,19.0,689.0,0.0,5.0,0.5574,0.6,
00-0039894,WR,Xavier Worthy,KC,2024,13,1,1,00-0033873,0,LV,0.875,Healthy,,,0.5,29.5,0.0,0.25,,,,,,49.0,353.0,2.0,4.0,0.625,0.6923,
00-0039901,WR,Keon Coleman,BUF,2024,13,1,1,00-0034857,0,SF,0.7560975609756098,Healthy,,,0.0,45.5,0.0,0.5,,,,,,0.0,417.0,0.0,3.0,0.5254,0.8181999999999999,
00-0039907,WR,Ja'Lynn Polk,NE,2024,13,1,1,00-0039851,0,IND,0.45454545454545453,Healthy,,,0.0,3.0,0.0,0.3333333333333333,,,,,,0.0,87.0,0.0,2.0,0.5577000000000001,0.6364,
00-0039910,QB,Jayden Daniels,WAS,2024,13,1,1,00-0032268,0,TEN,0.7101449275362319,Healthy,,,33.0,0.0,0.25,0.0,,,,0.0,0.0,556.0,0.0,5.0,0.0,0.377,0.6364,
00-0039912,TE,Ben Sinnott,WAS,2024,13,1,1,00-0032268,0,TEN,0.7101449275362319,Healthy,,,0.0,12.0,0.0,0.0,,,,,,0.0,18.0,0.0,1.0,0.377,0.6364,
00-0039915,WR,Ladd McConkey,LAC,2024,13,1,0,00-0036355,0,ATL,0.5121951219512195,Healthy,,,0.0,80.5,0.0,0.0,,,,,,0.0,698.0,0.0,4.0,0.45280000000000004,0.7,
00-0039916,WR,Ricky Pearsall,SF,2024,13,1,0,00-0037834,0,BUF,0.24390243902439024,Healthy,,,13.0,37.0,0.0,0.3333333333333333,,,,,,39.0,132.0,0.0,1.0,0.5536,0.7273000000000001,
00-0039917,QB,Michael Penix Jr.,ATL,2024,13,1,1,00-0029604,0,LAC,0.4878048780487805,Healthy,,,0.0,0.0,0.0,0.0,,,,0.0,0.0,0.0,0.0,0.0,0.0,0.5294,0.5556,
00-0039918,QB,Caleb Williams,CHI,2024,13,1,0,00-0039918,0,DET,0.18518518518518523,Healthy,,,30.75,0.0,0.0,0.0,,,,0.0,0.0,339.0,0.0,0.0,0.0,0.6563,0.2857,
00-0039919,WR,Rome Odunze,CHI,2024,13,1,0,00-0039918,0,DET,0.18518518518518523,Healthy,,,0.0,57.75,0.0,0.0,,,,,,15.0,518.0,0.0,1.0,0.6563,0.2857,
00-0039920,WR,Malachi Corley,NYJ,2024,13,1,1,00-0023459,0,SEA,0.4672897196261682,Healthy,,,6.0,4.0,0.0,0.0,,,,,,18.0,16.0,0.0,0.0,0.6071,0.375,
00-0039921,RB,Trey Benson,ARI,2024,13,1,0,00-0035228,0,MIN,0.3571428571428571,Healthy,,,31.75,10.75,0.25,0.0,,,,,,234.0,55.0,1.0,0.0,0.54,0.8,
